super_epoch,variant_order,variant_epochs_cumulative,optimizer_steps_cumulative,updates_per_super_epoch,mean_train_loss,mean_val_loss,mean_val_macro_f1,best_mean_val_loss,bad_super_epochs,cycle_seconds,train_loss_unchanged,updates_unchanged,val_loss_unchanged,val_accuracy_unchanged,val_macro_f1_unchanged,train_loss_exact_2,updates_exact_2,val_loss_exact_2,val_accuracy_exact_2,val_macro_f1_exact_2
1,"unchanged,exact_2",2,2,2,1.869896113872528,1.3960115513197695,0.10360401246071144,1.3960115513197695,0,13.33111353800632,2.290893077850342,1,1.3950128077781412,0.5059710873664363,0.10259009614516428,1.4488991498947144,1,1.3970102948613978,0.507228158390949,0.10461792877625861
2,"unchanged,exact_2",4,4,2,1.4016206860542297,1.362157163451394,0.11907013465293972,1.362157163451394,0,11.02643180405721,1.4089081287384033,1,1.360857064633284,0.5204274041483343,0.11832446160804369,1.3943332433700562,1,1.363457262269504,0.518541797611565,0.11981580769783576
3,"exact_2,unchanged",6,6,2,1.3573065400123596,1.2863771002303492,0.15200199454159302,1.2863771002303492,0,12.918118575122207,1.3415074348449707,1,1.283991302707718,0.5556253928346951,0.15180415561572655,1.3731056451797485,1,1.2887628977529806,0.5531112507856694,0.1521998334674595
4,"unchanged,exact_2",8,8,2,1.2626760005950928,1.2229623858707055,0.25973928732063123,1.2229623858707055,0,13.847539592999965,1.2879008054733276,1,1.2171332719519457,0.578252671275927,0.258472218099555,1.237451195716858,1,1.2287914997894651,0.5788812067881836,0.2610063565417075
5,"exact_2,unchanged",10,10,2,1.1825293898582458,1.2232404076279284,0.3050672258951679,1.2229623858707055,1,11.786513470113277,1.1636778116226196,1,1.21832424622391,0.5927089880578252,0.3051096612392098,1.201380968093872,1,1.2281565690319467,0.5889377749842866,0.30502479055112597
6,"unchanged,exact_2",12,12,2,1.1423853039741516,1.1671460075877067,0.2892885837254395,1.1671460075877067,0,13.536860445979983,1.1524854898452759,1,1.1631656874603478,0.5983658076681333,0.2852621719057782,1.1322851181030273,1,1.1711263277150654,0.6033940917661847,0.29331499554510077
7,"exact_2,unchanged",14,14,2,1.0856357216835022,1.144158326586374,0.324690494590324,1.144158326586374,0,13.006740199867636,1.078847050666809,1,1.1395101535425014,0.6140791954745443,0.3271932550855793,1.0924243927001953,1,1.1488064996302463,0.6090509113764928,0.32218773409506873
8,"unchanged,exact_2",16,16,2,1.0443655848503113,1.1611613431278123,0.3529371939224297,1.144158326586374,1,11.835954542970285,1.0507043600082397,1,1.1576366207677617,0.6052796983029541,0.35196818198347185,1.0380268096923828,1,1.1646860654878628,0.6033940917661847,0.35390620586138766
9,"exact_2,unchanged",18,18,2,0.9945279061794281,1.14333523217002,0.34723614175239303,1.14333523217002,0,13.46267272415571,0.9782055020332336,1,1.1416965663596954,0.6209930861093652,0.34572331371850107,1.0108503103256226,1,1.1449738979803445,0.6222501571338781,0.348748969786285
10,"unchanged,exact_2",20,20,2,0.9574456512928009,1.1706890986371388,0.33610555676068643,1.14333523217002,1,11.549610699061304,0.9628459215164185,1,1.1687968009894993,0.606536769327467,0.3417465020343233,0.9520453810691833,1,1.1725813962847782,0.6084223758642363,0.3304646114870496
11,"unchanged,exact_2",22,22,2,0.9237538874149323,1.1554918207200768,0.37773535358376087,1.14333523217002,2,11.766753643983975,0.9387231469154358,1,1.1523211598957435,0.6253928346951603,0.3781728268954938,0.9087846279144287,1,1.1586624815444104,0.6247642991829039,0.37729788027202793
12,"unchanged,exact_2",24,24,2,0.8843222856521606,1.146860486868672,0.3763654268867045,1.14333523217002,3,11.717507738852873,0.8911225199699402,1,1.1433106888534126,0.6266499057196732,0.3809223011723828,0.8775220513343811,1,1.1504102848839315,0.6209930861093652,0.3718085526010262
13,"unchanged,exact_2",26,26,2,0.8476289808750153,1.1964227816403532,0.3878190956026666,1.14333523217002,4,11.748561277985573,0.855669379234314,1,1.197543070138218,0.6216216216216216,0.39062286378385336,0.8395885825157166,1,1.1953024931424885,0.6272784412319296,0.38501532742147987
14,"exact_2,unchanged",28,28,2,0.8110118210315704,1.2283228944512028,0.36248289191531957,1.14333523217002,5,11.827123118098825,0.8025428652763367,1,1.2347238742843665,0.6084223758642363,0.3612678926755889,0.8194807767868042,1,1.221921914618039,0.6140791954745443,0.3636978911550502
15,"unchanged,exact_2",30,30,2,0.8029442727565765,1.2485447566148342,0.38001438960467493,1.14333523217002,6,11.786848705029115,0.7914503812789917,1,1.2489085986044235,0.6096794468887492,0.38249503437560983,0.8144381642341614,1,1.2481809146252447,0.6103079824010057,0.3775337448337401
16,"exact_2,unchanged",32,32,2,0.7551549077033997,1.1412674370358094,0.3775292226436021,1.1412674370358094,0,13.809991169022396,0.743705153465271,1,1.1447879228013522,0.6228786926461345,0.3728283058139951,0.7666046619415283,1,1.1377469512702665,0.6304211187932118,0.38223013947320916
17,"exact_2,unchanged",34,34,2,0.74217090010643,1.2959667264867651,0.3797602462337749,1.1412674370358094,1,12.180781324161217,0.717948317527771,1,1.2863304262580497,0.6059082338152105,0.379738116687748,0.7663934826850891,1,1.3056030267154806,0.6046511627906976,0.37978237577980184
18,"unchanged,exact_2",36,36,2,0.7218701839447021,1.1257779227762417,0.36977439703007464,1.1257779227762417,0,13.52494222810492,0.7275343537330627,1,1.1203458679694747,0.6398491514770585,0.370589113604409,0.7162060141563416,1,1.1312099775830087,0.6385920804525456,0.3689596804557403
19,"exact_2,unchanged",38,38,2,0.6789635121822357,1.3013460081180979,0.40612908934116787,1.1257779227762417,1,11.043234038865194,0.6568525433540344,1,1.2871711456415542,0.6027655562539284,0.40567032433523187,0.701074481010437,1,1.3155208705946415,0.5996228786926462,0.4065878543471038
20,"exact_2,unchanged",40,40,2,0.6438452303409576,1.1304027909637753,0.4140792829084129,1.1257779227762417,2,12.251163098029792,0.627991259098053,1,1.1173252894376788,0.6423632935260842,0.4292092642569067,0.6596992015838623,1,1.1434802924898717,0.6266499057196732,0.39894930155991914
21,"exact_2,unchanged",42,42,2,0.6275804936885834,1.2344509247428523,0.41675991612916663,1.1257779227762417,3,12.354172742925584,0.604529619216919,1,1.2269727259763044,0.6272784412319296,0.42575234154725805,0.6506313681602478,1,1.2419291235094005,0.61659333752357,0.40776749071107526
22,"unchanged,exact_2",44,44,2,0.5728218257427216,1.1726327536615653,0.43073999070684904,1.1257779227762417,4,9.598619091091678,0.5711830854415894,1,1.1656570306123493,0.6467630421118793,0.4326579158877599,0.5744605660438538,1,1.1796084767107813,0.64487743557511,0.42882206552593816
23,"exact_2,unchanged",46,46,2,0.535456657409668,1.2790839081732024,0.42651023711107716,1.1257779227762417,5,9.624415833037347,0.525414764881134,1,1.2616300801587403,0.6203645505971087,0.4252941841423982,0.5454985499382019,1,1.2965377361876644,0.61659333752357,0.42772629007975604
24,"unchanged,exact_2",48,48,2,0.5074113756418228,1.1780577391498923,0.4103980355719857,1.1257779227762417,6,10.94455395708792,0.5148640275001526,1,1.1773607844731346,0.6354494028912634,0.4062591878697581,0.49995872378349304,1,1.17875469382665,0.6348208673790069,0.41453688327421323
25,"unchanged,exact_2",50,50,2,0.48893721401691437,1.2847790787613618,0.41784082861828986,1.1257779227762417,7,10.643566119950265,0.5028004050254822,1,1.2929328184261009,0.6191074795725958,0.4183964724552915,0.47507402300834656,1,1.276625339096623,0.6228786926461345,0.4172851847812882
26,"unchanged,exact_2",52,52,2,0.463957279920578,1.2541678576081463,0.42595620913010934,1.1257779227762417,8,8.343959643971175,0.46443992853164673,1,1.260814259405508,0.6272784412319296,0.4268091950197692,0.4634746313095093,1,1.2475214558107846,0.6266499057196732,0.42510322324044947
27,"unchanged,exact_2",54,54,2,0.4402538537979126,1.2953841896165432,0.43037116413142334,1.1257779227762417,9,8.23535938304849,0.4435969293117523,1,1.2932591467164491,0.61659333752357,0.43320072015349653,0.4369107782840729,1,1.297509232516637,0.6172218730358265,0.42754160810935016
28,"unchanged,exact_2",56,56,2,0.4220520555973053,1.2654288228952062,0.4321063751422701,1.1257779227762417,10,11.864642166066915,0.4257148504257202,1,1.2618845576676072,0.6304211187932118,0.43602119889006496,0.4183892607688904,1,1.268973088122805,0.6228786926461345,0.4281915513944753
29,"exact_2,unchanged",58,58,2,0.40457388758659363,1.3322719881595746,0.42487637142164913,1.1257779227762417,11,9.876488415990025,0.39808860421180725,1,1.329590452431734,0.6216216216216216,0.4284944944090466,0.41105917096138,1,1.3349535238874153,0.6191074795725958,0.4212582484342517
30,"exact_2,unchanged",60,60,2,0.38551266491413116,1.3139787861915955,0.4190036218846735,1.1257779227762417,12,9.507926158141345,0.3807966113090515,1,1.3133291316101507,0.6153362664990571,0.42168824685927797,0.3902287185192108,1,1.3146284407730404,0.6134506599622879,0.416318996910069
31,"exact_2,unchanged",62,62,2,0.3725801408290863,1.4040286545792175,0.4124959046359912,1.1257779227762417,13,9.67981572682038,0.3677845895290375,1,1.402053699993643,0.5883092394720302,0.41677458140240947,0.37737569212913513,1,1.406003609164792,0.5813953488372093,0.40821722786957293
32,"unchanged,exact_2",64,64,2,0.3578647971153259,1.3208117937482784,0.42223873791403316,1.1257779227762417,14,9.779019687091932,0.36091378331184387,1,1.3189888083225043,0.6184789440603394,0.42145761797590836,0.354815810918808,1,1.3226347791740525,0.6197360150848523,0.42301985785215795
33,"exact_2,unchanged",66,66,2,0.34708136320114136,1.4021799061926883,0.4246448201626228,1.1257779227762417,15,9.884131839033216,0.34447890520095825,1,1.4000093114590972,0.5989943431803897,0.4248058784979798,0.34968382120132446,1,1.404350500926279,0.5996228786926462,0.42448376182726577
34,"unchanged,exact_2",68,68,2,0.3374125361442566,1.388021901243179,0.431140836561408,1.1257779227762417,16,10.05459329392761,0.33894798159599304,1,1.3860451103426767,0.6046511627906976,0.43051744387802965,0.33587709069252014,1,1.389998692143681,0.6052796983029541,0.43176422924478636
35,"unchanged,exact_2",70,70,2,0.33104774355888367,1.3296556552135668,0.4137827461631851,1.1257779227762417,17,10.199128545122221,0.3305584490299225,1,1.3295709829693274,0.6115650534255186,0.415816240379823,0.33153703808784485,1,1.3297403274578061,0.6109365179132621,0.4117492519465472
36,"unchanged,exact_2",72,72,2,0.32648734748363495,1.4015868670621083,0.4232762231460773,1.1257779227762417,18,10.392334660049528,0.3275761306285858,1,1.4031880181578507,0.5939660590823381,0.4201922177934091,0.3253985643386841,1,1.3999857159663662,0.6015084852294155,0.42636022849874555
37,"exact_2,unchanged",74,74,2,0.32207782566547394,1.503899165869735,0.4156323064802716,1.1257779227762417,19,11.208299142075703,0.32108715176582336,1,1.5100527253994676,0.5688246385920804,0.4167612061168537,0.3230684995651245,1,1.4977456063400023,0.5675675675675675,0.4145034068436896
38,"exact_2,unchanged",76,76,2,0.31802357733249664,1.3362672003319218,0.39653928380033837,1.1257779227762417,20,10.838046685094014,0.3182099163532257,1,1.341826101831173,0.5889377749842866,0.39104079884071263,0.3178372383117676,1,1.3307082988326706,0.5983658076681333,0.4020377687599641
39,"unchanged,exact_2",78,78,2,0.3169863373041153,1.443089382189827,0.40604824300391457,1.1257779227762417,21,11.063340426888317,0.31689709424972534,1,1.4503429993438577,0.5757385292269013,0.4065452434015716,0.31707558035850525,1,1.4358357650357962,0.5826524198617222,0.4055512426062575
40,"unchanged,exact_2",80,80,2,0.31691713631153107,1.880165542365269,0.3693833427860189,1.1257779227762417,22,10.893476776080206,0.3125477731227875,1,1.8773376873606487,0.4657448145820239,0.36956347418286384,0.32128649950027466,1,1.8829933973698891,0.46260213702074165,0.369203211389174
41,"exact_2,unchanged",82,82,2,0.37581393122673035,2.0101870416591767,0.32173552319575316,1.1257779227762417,23,11.028907638974488,0.40959107875823975,1,2.0070529921702653,0.40917661847894404,0.320677227384154,0.34203678369522095,1,2.0133210911480885,0.4098051539912005,0.3227938190073524
42,"unchanged,exact_2",84,84,2,0.49372588098049164,1.2876585375387704,0.347405864751435,1.1257779227762417,24,11.75780265382491,0.5680928230285645,1,1.2838859784851857,0.6134506599622879,0.3460584971838991,0.4193589389324188,1,1.291431096592355,0.6140791954745443,0.34875323231897093
43,"unchanged,exact_2",86,86,2,0.39011119306087494,1.2317547688642434,0.3674887998802555,1.1257779227762417,25,11.344138010172173,0.3884779214859009,1,1.2254870000053302,0.6266499057196732,0.3679717118796518,0.391744464635849,1,1.2380225377231564,0.623507228158391,0.36700588788085925
44,"exact_2,unchanged",88,88,2,0.3610127866268158,1.3371266775450623,0.3376824450173549,1.1257779227762417,26,11.098049354040995,0.3456297218799591,1,1.337069422312159,0.612193588937775,0.33916419008573734,0.3763958513736725,1,1.3371839327779653,0.6103079824010057,0.3362006999489724
45,"unchanged,exact_2",90,90,2,0.3486747741699219,1.364793060026599,0.35610620192834164,1.1257779227762417,27,10.800783007172868,0.34729865193367004,1,1.3652264699919985,0.6159648020113137,0.35562090543144365,0.3500508964061737,1,1.3643596500611994,0.6159648020113137,0.35659149842523963
46,"unchanged,exact_2",92,92,2,0.337027370929718,1.3444732224834894,0.3683905674779563,1.1257779227762417,28,10.954350882209837,0.34090203046798706,1,1.3451607575000277,0.6216216216216216,0.3709788991396177,0.333152711391449,1,1.3437856874669512,0.6222501571338781,0.36580223581629484
47,"unchanged,exact_2",94,94,2,0.32443439960479736,1.3227006680245,0.3592457584450634,1.1257779227762417,29,10.778071792796254,0.3263493776321411,1,1.3229979678294883,0.6184789440603394,0.3590031334141407,0.3225194215774536,1,1.3224033682195115,0.6191074795725958,0.3594883834759861
48,"unchanged,exact_2",96,96,2,0.3200240135192871,1.3201469259994136,0.3467411792036806,1.1257779227762417,30,9.651660891948268,0.3209732174873352,1,1.320207892603499,0.6147077309868008,0.34504960155992537,0.319074809551239,1,1.3200859593953282,0.6140791954745443,0.3484327568474358
49,"unchanged,exact_2",98,98,2,0.316386416554451,1.333590253788619,0.3444159148522401,1.1257779227762417,31,8.063123517902568,0.3170113265514374,1,1.333401185415364,0.61659333752357,0.34347314359972597,0.3157615065574646,1,1.3337793221618741,0.6172218730358265,0.3453586861047542
50,"exact_2,unchanged",100,100,2,0.3129088133573532,1.3514668090031703,0.3435943567371151,1.1257779227762417,32,8.03256144397892,0.31232255697250366,1,1.351035361773,0.6140791954745443,0.34525300729841074,0.31349506974220276,1,1.3518982562333406,0.6140791954745443,0.3419357061758194
51,"exact_2,unchanged",102,102,2,0.31049007177352905,1.363112145732634,0.34379306464176085,1.1257779227762417,33,8.09587108483538,0.3101772964000702,1,1.362662175856481,0.6147077309868008,0.34358329710097507,0.3108028471469879,1,1.363562115608787,0.6147077309868008,0.3440028321825467
52,"unchanged,exact_2",104,104,2,0.3091457188129425,1.3684546068310999,0.3428133675443661,1.1257779227762417,34,7.80117330304347,0.30952465534210205,1,1.368025626835084,0.612193588937775,0.34267577377644,0.30876678228378296,1,1.3688835868271156,0.612193588937775,0.3429509613122922
53,"exact_2,unchanged",106,106,2,0.3076792359352112,1.3711474571680986,0.33160180117986515,1.1257779227762417,35,7.382905510952696,0.3073168396949768,1,1.3707481661712748,0.6077938403519799,0.3321806931615012,0.30804163217544556,1,1.3715467481649226,0.6077938403519799,0.3310229091982292
54,"unchanged,exact_2",108,108,2,0.30660586059093475,1.3719233432641624,0.3158628144022253,1.1257779227762417,36,7.502320647938177,0.3068723678588867,1,1.3716153393616803,0.6052796983029541,0.3181640833521037,0.3063393533229828,1,1.3722313471666445,0.6046511627906976,0.3135615454523468
55,"unchanged,exact_2",110,110,2,0.3059287518262863,1.374031959804333,0.30688876149178523,1.1257779227762417,37,7.4039572139736265,0.3062935769557953,1,1.3737930326801429,0.6027655562539284,0.30968064241458454,0.30556392669677734,1,1.374270886928523,0.6021370207416719,0.304096880568986
56,"unchanged,exact_2",112,112,2,0.30524736642837524,1.3820978795973364,0.3013229853456877,1.1257779227762417,38,6.569481106940657,0.30528584122657776,1,1.381869895298264,0.600879949717159,0.30521709792946805,0.30520889163017273,1,1.3823258638964089,0.600879949717159,0.2974288727619073
57,"exact_2,unchanged",114,114,2,0.3046719431877136,1.3994093372980834,0.28796580354173035,1.1257779227762417,39,6.2851544038858265,0.3044656813144684,1,1.3991854414810025,0.5958516656191075,0.28796580354173035,0.30487820506095886,1,1.3996332331151642,0.5958516656191075,0.28796580354173035
58,"exact_2,unchanged",116,116,2,0.30403444170951843,1.4231972187352389,0.28053884525565775,1.1257779227762417,40,6.241050199838355,0.30408182740211487,1,1.4229626115476974,0.5933375235700817,0.2802518224748032,0.303987056016922,1,1.42343182592278,0.5939660590823381,0.28082586803651227
59,"unchanged,exact_2",118,118,2,0.30368268489837646,1.4536063120186178,0.2698297205054774,1.1257779227762417,41,7.1333107319660485,0.3037213385105133,1,1.4534292426323192,0.5845380263984915,0.2721673009894967,0.3036440312862396,1,1.4537833814049161,0.585166561910748,0.26749214002145805
60,"unchanged,exact_2",120,120,2,0.30332452058792114,1.4843580342631542,0.25036806469618794,1.1257779227762417,42,7.537802639883012,0.30378973484039307,1,1.484004201025426,0.5700817096165933,0.2536965919379264,0.3028593063354492,1,1.4847118675008824,0.5694531741043369,0.24703953745444954
61,"exact_2,unchanged",122,122,2,0.30286040902137756,1.509175833147268,0.2393355321985765,1.1257779227762417,43,7.440945480018854,0.30274537205696106,1,1.5088530273618967,0.5619107479572596,0.2397297596039226,0.30297544598579407,1,1.5094986389326395,0.5612822124450031,0.2389413047932304
62,"exact_2,unchanged",124,124,2,0.30266623198986053,1.5265534391673978,0.2294729710603416,1.1257779227762417,44,7.501667393837124,0.30281856656074524,1,1.5266274111993656,0.5543683218101823,0.22942301290088302,0.30251389741897583,1,1.52647946713543,0.5537397862979259,0.22952292921980016
63,"exact_2,unchanged",126,126,2,0.3022780418395996,1.5413201997294146,0.2225826126316851,1.1257779227762417,45,7.48443752899766,0.30237266421318054,1,1.5416432984791406,0.5493400377121307,0.22223490206376453,0.3021834194660187,1,1.5409971009796888,0.5499685732243872,0.22293032319960568
64,"exact_2,unchanged",128,128,2,0.30232538282871246,1.5572318316210239,0.2155944153203024,1.1257779227762417,46,7.664357651025057,0.3021277189254761,1,1.55757893394274,0.5468258956631049,0.21522507633175078,0.30252304673194885,1,1.556884729299308,0.5474544311753614,0.21596375430885403
65,"unchanged,exact_2",130,130,2,0.30196863412857056,1.5711206406984353,0.20992202571985985,1.1257779227762417,47,9.8585201241076,0.30211400985717773,1,1.571486648935292,0.5436832181018227,0.20997880849901182,0.3018232583999634,1,1.5707546324615784,0.5436832181018227,0.20986524294070788
66,"exact_2,unchanged",132,132,2,0.30145125091075897,1.5813575673291522,0.20514577352961055,1.1257779227762417,48,9.678738272050396,0.3014269769191742,1,1.5817691154675302,0.5399120050282841,0.20519782261867922,0.30147552490234375,1,1.5809460191907745,0.5399120050282841,0.2050937244405419
67,"exact_2,unchanged",134,134,2,0.3009435385465622,1.5919072677153667,0.20186383374203076,1.1257779227762417,49,10.357954111183062,0.3010166883468628,1,1.5923561541735125,0.5380263984915148,0.201913071938074,0.3008703887462616,1,1.591458381257221,0.5380263984915148,0.2018145955459875
68,"unchanged,exact_2",136,136,2,0.3011368364095688,1.6008580573706004,0.20582060966886767,1.1257779227762417,50,10.77047035493888,0.30088865756988525,1,1.6012096602581307,0.5399120050282841,0.20592365201109528,0.3013850152492523,1,1.6005064544830703,0.5399120050282841,0.20571756732664004
