super_epoch,variant_order,variant_epochs_cumulative,optimizer_steps_cumulative,updates_per_super_epoch,mean_train_loss,validation_check,validation_checks_cumulative,mean_val_filtered_MRR,best_mean_val_filtered_MRR,cycle_seconds,batches_no_changes,train_loss_no_changes,val_raw_MRR_no_changes,val_filtered_MRR_no_changes,val_Hits@1_no_changes,val_Hits@3_no_changes,val_Hits@10_no_changes,val_accuracy_no_changes,val_precision_no_changes,val_recall_no_changes,val_macro_f1_no_changes,batches_universal_edges,train_loss_universal_edges,val_raw_MRR_universal_edges,val_filtered_MRR_universal_edges,val_Hits@1_universal_edges,val_Hits@3_universal_edges,val_Hits@10_universal_edges,val_accuracy_universal_edges,val_precision_universal_edges,val_recall_universal_edges,val_macro_f1_universal_edges,batches_all_inverse_edges,train_loss_all_inverse_edges,val_raw_MRR_all_inverse_edges,val_filtered_MRR_all_inverse_edges,val_Hits@1_all_inverse_edges,val_Hits@3_all_inverse_edges,val_Hits@10_all_inverse_edges,val_accuracy_all_inverse_edges,val_precision_all_inverse_edges,val_recall_all_inverse_edges,val_macro_f1_all_inverse_edges
1,"no_changes,universal_edges,all_inverse_edges",3,3,3,0.6931471824645996,1,1,0.0003838850194976355,0.0003838850194976355,10.39674191083759,1,0.6931471824645996,0.00021593269775621593,0.0002161163865821436,0.0,0.00016479894528675015,0.00016479894528675015,0.49768635206224876,0.4985432259110472,0.4810547132498352,0.3477119247129244,1,0.6931471824645996,0.00048282055649906397,0.0004828894743695855,0.00016479894528675015,0.0003295978905735003,0.0003295978905735003,0.5004330011503613,0.4989986521530163,0.486977587343441,0.3493415172119729,1,0.6931471824645996,0.00045188114745542407,0.00045264919754117727,0.0,0.0003295978905735003,0.0008239947264337508,0.49925678907027543,0.4987538372899949,0.483793671720501,0.3486014251597656
2,"universal_edges,no_changes,all_inverse_edges",6,6,3,0.6931471824645996,1,2,0.0003148500545648858,0.0003838850194976355,9.182213329011574,1,0.6931471824645996,0.00021117881988175213,0.00021128372463863343,0.0,0.0,0.00016479894528675015,0.4986492949190223,0.49949996257038054,0.49349703361898484,0.3489571310697322,1,0.6931471824645996,0.0003090934478677809,0.00030925447936169803,0.0,0.0,0.0004943968358602505,0.4996510139982163,0.49972552516410723,0.49643045484508896,0.34960306209006314,1,0.6931471824645996,0.0004231900384183973,0.0004240119596943259,0.0,0.00016479894528675015,0.0006591957811470006,0.49940543125622033,0.4989459447281996,0.4862920237310481,0.34883164499952235
3,"universal_edges,no_changes,all_inverse_edges",9,9,3,0.6931471824645996,1,3,0.0005879333475604653,0.0005879333475604653,9.131190255051479,1,0.6931471824645996,0.0002352809242438525,0.00023534760111942887,0.0,0.0,0.0003295978905735003,0.5008401514857755,0.5012002894940726,0.515609756097561,0.3513895097274004,1,0.6931471824645996,0.0006011881632730365,0.0006012477679178119,0.00016479894528675015,0.0003295978905735003,0.000988793671720501,0.49783499424819366,0.5014053988924998,0.5182762030323006,0.3501836552361697,1,0.6931471824645996,0.000927129527553916,0.0009272046736441553,0.0003295978905735003,0.000988793671720501,0.0013183915622940012,0.49850711543681414,0.5007735141499157,0.5100593276203033,0.3499634998873508
4,"all_inverse_edges,no_changes,universal_edges",12,12,3,0.6931471824645996,1,4,0.0007639824373958012,0.0007639824373958012,9.160523115191609,1,0.6931471824645996,0.0005274663562886417,0.0005278631579130888,0.00016479894528675015,0.0003295978905735003,0.0008239947264337508,0.5001615675934183,0.5010991707010135,0.5142946605141727,0.3509940558046524,1,0.6931471824645996,0.0007882280042394996,0.0007884603110142052,0.00016479894528675015,0.0004943968358602505,0.0013183915622940012,0.5015510488968165,0.5016752342962566,0.5217864205669084,0.35211471738973116,1,0.6931471824645996,0.0009755266364663839,0.0009756238432601094,0.0004943968358602505,0.0006591957811470006,0.000988793671720501,0.5008853904119327,0.5015001100413126,0.5195088991430454,0.35166253832209815
5,"no_changes,universal_edges,all_inverse_edges",15,15,3,0.6931471824645996,1,5,0.0005573550297413021,0.0007639824373958012,9.286665761144832,1,0.6931471824645996,0.0004744550969917327,0.00047462907969020307,0.00016479894528675015,0.00016479894528675015,0.0006591957811470006,0.5015251980818696,0.5023199902721119,0.5301713909030983,0.3526448207961323,1,0.6931471824645996,0.0006722147227264941,0.0006734750350005925,0.00016479894528675015,0.0003295978905735003,0.000988793671720501,0.502320110641488,0.5019289282649384,0.5250856954515492,0.3526805955004641,1,0.6931471824645996,0.0005238293088041246,0.0005239609745331109,0.0,0.0003295978905735003,0.000988793671720501,0.5002778962606796,0.5023207862076176,0.5301812788398155,0.35207193361702394
6,"all_inverse_edges,no_changes,universal_edges",18,18,3,0.6931471824645996,1,6,0.0006720001595870903,0.0007639824373958012,9.264093307079747,1,0.6931471824645996,0.0005776283796876669,0.000577698927372694,0.0,0.0003295978905735003,0.0014831905075807514,0.49890780306849175,0.5008388978445519,0.5109096901779828,0.3502017430172831,1,0.6931471824645996,0.0004844769136980176,0.00048464248538948596,0.0,0.0003295978905735003,0.0008239947264337508,0.4997996561841612,0.5012961014749698,0.5168556361239288,0.3509938205941198,1,0.6931471824645996,0.0009535488788969815,0.0009536590659990907,0.0004943968358602505,0.0006591957811470006,0.000988793671720501,0.500439463854098,0.501408114821525,0.5183124588002637,0.35138097787667005
7,"all_inverse_edges,no_changes,universal_edges",21,21,3,0.6931471824645996,1,7,0.0004403075921194007,0.0007639824373958012,9.07479661796242,1,0.6931471824645996,0.0002730546402744949,0.0002734741719905287,0.0,0.00016479894528675015,0.0003295978905735003,0.501854795972443,0.500097575460032,0.501268951878708,0.35091942132248327,1,0.6931471824645996,0.0004741573065984994,0.0004742089076898992,0.0,0.00016479894528675015,0.0008239947264337508,0.5012343764137165,0.49968826635544245,0.49594594594594593,0.35029038070179175,1,0.6931471824645996,0.0005731569835916162,0.0005732396966777742,0.00016479894528675015,0.00016479894528675015,0.0008239947264337508,0.5019905127509144,0.5006120610992936,0.5079597890573501,0.351417441171039
8,"universal_edges,no_changes,all_inverse_edges",24,24,3,0.6931471824645996,1,8,0.0004201867268420756,0.0007639824373958012,9.086450742790475,1,0.6931471824645996,0.00034585915273055434,0.0003459279832895845,0.0,0.0,0.0004943968358602505,0.5015639743042899,0.5001731005354515,0.5022511535926171,0.35085140855689184,1,0.6931471824645996,0.0005347012192942202,0.0005349452258087695,0.00016479894528675015,0.00016479894528675015,0.0008239947264337508,0.49888841495728153,0.4994099924692284,0.4923269611074489,0.34898985124402826,1,0.6931471824645996,0.0003796169476117939,0.0003796869714278728,0.0,0.0,0.0008239947264337508,0.4999224475551592,0.5000838884383705,0.5010909690177983,0.35002932203405734
9,"universal_edges,all_inverse_edges,no_changes",27,27,3,0.6931471824645996,1,9,0.0003895225818268955,0.0007639824373958012,9.082044128095731,1,0.6931471824645996,0.0002467223966959864,0.00024676547036506236,0.0,0.00016479894528675015,0.00016479894528675015,0.4984037121770264,0.4988569874587466,0.4851351351351352,0.3483023921540113,1,0.6931471824645996,0.0004163943522144109,0.0004166152502875775,0.0,0.0,0.0004943968358602505,0.49920508744038156,0.49849101870329426,0.48037574159525376,0.34835497001406085,1,0.6931471824645996,0.0005050542531535029,0.0005051870248280466,0.0,0.0003295978905735003,0.0006591957811470006,0.49921801284785505,0.49855361879323057,0.48118984838497036,0.34841396830057253
10,"all_inverse_edges,universal_edges,no_changes",30,30,3,0.6931471824645996,1,10,0.00040161359841780114,0.0007639824373958012,9.069853452965617,1,0.6931471824645996,0.00018554579582996666,0.00018559473392087966,0.0,0.0,0.00016479894528675015,0.5000517016298939,0.4982385713414631,0.4770929466051418,0.34852237757751664,1,0.6931471824645996,0.0005296948365867138,0.0005298120086081326,0.00016479894528675015,0.0003295978905735003,0.0006591957811470006,0.49896596740212235,0.49829536352791887,0.47783124588002635,0.3480807480749459,1,0.6931471824645996,0.0004893528530374169,0.0004894340527243912,0.00016479894528675015,0.00016479894528675015,0.0006591957811470006,0.5008660023007225,0.49849402659559106,0.48041529334212263,0.3491073487295045
11,"universal_edges,all_inverse_edges,no_changes",33,33,3,0.6931471824645996,1,11,0.0004698580693608771,0.0007639824373958012,9.108789221849293,1,0.6931471824645996,0.00020640059665311128,0.00020750172552652657,0.0,0.0,0.0,0.4980935023976631,0.49921737496594354,0.48982201713909035,0.3484660489259208,1,0.6931471824645996,0.0005304670194163918,0.0005316301831044257,0.0,0.0003295978905735003,0.000988793671720501,0.4993020279964326,0.500245837130264,0.503197099538563,0.3498832333095667,1,0.6931471824645996,0.0006702963728457689,0.000670442299451679,0.00016479894528675015,0.00016479894528675015,0.0014831905075807514,0.5004782400765184,0.49995666181797166,0.49943638760711934,0.3501746020259271
12,"no_changes,universal_edges,all_inverse_edges",36,36,3,0.6931471824645996,1,12,0.00036993120738770813,0.0007639824373958012,9.110823607072234,1,0.6931471824645996,0.00019931427959818393,0.00019954350136686116,0.0,0.00016479894528675015,0.00016479894528675015,0.4978802331743508,0.4986874338371141,0.4829301252471984,0.34792170578169296,1,0.6931471824645996,0.0004512650484684855,0.0004515130422078073,0.0,0.00016479894528675015,0.0006591957811470006,0.49788669587808754,0.4999171238480349,0.4989222148978246,0.34896112227553255,1,0.6931471824645996,0.0004572325269691646,0.0004587370785884559,0.0,0.0003295978905735003,0.000988793671720501,0.49872684736386313,0.4988448233173091,0.48497692814765986,0.3484385554130084
13,"universal_edges,no_changes,all_inverse_edges",39,39,3,0.6931471824645996,1,13,0.0004530199124322583,0.0007639824373958012,9.11751196696423,1,0.6931471824645996,0.00015806028386577964,0.00015822247951291502,0.0,0.0,0.0,0.5010921969315083,0.4981924046083471,0.476493078444298,0.3489516682695604,1,0.6931471824645996,0.0005578134441748261,0.00055792456259951,0.00016479894528675015,0.0003295978905735003,0.0006591957811470006,0.49790608398929775,0.49907342022045015,0.48794990112063286,0.3482594392493731,1,0.6931471824645996,0.0006428108317777514,0.00064291269518435,0.00016479894528675015,0.0003295978905735003,0.0011535926170072512,0.5011891374875593,0.4985563660339632,0.48122610415293343,0.349306243256742
14,"all_inverse_edges,no_changes,universal_edges",42,42,3,0.6931471824645996,1,14,0.00032946051214821637,0.0007639824373958012,9.102189160184935,1,0.6931471824645996,0.00020066775323357433,0.00020137254614382982,0.0,0.00016479894528675015,0.00016479894528675015,0.5005687179288327,0.49870591915873924,0.48317073170731706,0.34915379940715263,1,0.6931471824645996,0.00033103060559369624,0.00033116209669969976,0.0,0.0,0.0004943968358602505,0.49967686481316326,0.4990559367985021,0.48772247857613715,0.34904786265507987,1,0.6931471824645996,0.0004557173524517566,0.0004558468936011195,0.0,0.0003295978905735003,0.0008239947264337508,0.49995476107384285,0.49874394654149423,0.48366512854317734,0.34890873781415793
15,"universal_edges,no_changes,all_inverse_edges",45,45,3,0.6931471824645996,1,15,0.0005518709658645093,0.0007639824373958012,9.091193252010271,1,0.6931471824645996,0.0002618447470013052,0.0002620213199406862,0.0,0.00016479894528675015,0.0003295978905735003,0.5005751806325694,0.49996046339475503,0.49948582729070534,0.35022188487614886,1,0.6931471824645996,0.0005795276956632733,0.0005796024342998862,0.00016479894528675015,0.00016479894528675015,0.0011535926170072512,0.4986363695115488,0.5000582915640109,0.500758075148319,0.3494217673425667,1,0.6931471824645996,0.0008139166166074574,0.0008139891433529556,0.0003295978905735003,0.0006591957811470006,0.0014831905075807514,0.49966393940568976,0.49997440261372417,0.4996671061305208,0.34981919802804323
16,"no_changes,all_inverse_edges,universal_edges",48,48,3,0.6931471824645996,1,16,0.00042256837089856464,0.0007639824373958012,9.078911791089922,1,0.6931471824645996,0.00023015002079773694,0.00023019767832010984,0.0,0.0,0.00016479894528675015,0.4987914744012305,0.5010702985105049,0.5139189189189189,0.35034249278634766,1,0.6931471824645996,0.0005326534155756235,0.0005332258297130466,0.0,0.00016479894528675015,0.0013183915622940012,0.5006139568549899,0.5013280251922637,0.5172709294660515,0.3513935356303323,1,0.6931471824645996,0.0005037822411395609,0.0005042816046625376,0.0,0.00016479894528675015,0.0008239947264337508,0.4982486072873447,0.5006764469350727,0.5087969676994067,0.34976379745641556
17,"universal_edges,no_changes,all_inverse_edges",51,51,3,0.6931471824645996,1,17,0.0005519644473679364,0.0007639824373958012,9.108594412216917,1,0.6931471824645996,0.000531004392541945,0.0005311168497428298,0.00016479894528675015,0.00016479894528675015,0.0006591957811470006,0.5032119637571575,0.5023240468913273,0.53022412656559,0.3534222741579439,1,0.6931471824645996,0.0005560832796618342,0.0005562117439694703,0.00016479894528675015,0.00016479894528675015,0.0004943968358602505,0.501609213230447,0.5015533298720967,0.5202010547132498,0.3520386729985963,1,0.6931471824645996,0.000568455143366009,0.0005685647483915091,0.0,0.0004943968358602505,0.000988793671720501,0.501951736528494,0.5019517365284941,0.5253823335530652,0.352531034217475
18,"all_inverse_edges,no_changes,universal_edges",54,54,3,0.6931471824645996,1,18,0.0006803850022455057,0.0007639824373958012,9.065388191957027,1,0.6931471824645996,0.0006259374786168337,0.0006279264343902469,0.00016479894528675015,0.0004943968358602505,0.0008239947264337508,0.5000646270373673,0.5018777589828921,0.5244199077125906,0.35160307656367,1,0.6931471824645996,0.0006896481500007212,0.0006897198036313057,0.00016479894528675015,0.00016479894528675015,0.0016479894528675016,0.5027918880142697,0.5018605053517115,0.5241957811470006,0.35283885653611874,1,0.6931471824645996,0.0007233551586978137,0.0007235087687149644,0.0,0.0004943968358602505,0.0011535926170072512,0.5007884498558817,0.502055154076998,0.5267270929466051,0.3520842141396876
19,"universal_edges,no_changes,all_inverse_edges",57,57,3,0.6931471824645996,1,19,0.0008277310407720506,0.0008277310407720506,9.145430548116565,1,0.6931471824645996,0.0005834231851622462,0.0005836689379066229,0.00016479894528675015,0.0003295978905735003,0.0008239947264337508,0.49966393940568976,0.5013280381936666,0.5172709294660514,0.3509584283501691,1,0.6931471824645996,0.0006370263290591538,0.0006372727802954614,0.0,0.0003295978905735003,0.0013183915622940012,0.4994700582935877,0.5009602909843607,0.5124884640738299,0.3505609545528974,1,0.6931471824645996,0.001262105768546462,0.0012622514041140676,0.0006591957811470006,0.0011535926170072512,0.001977587343441002,0.5,0.5015647512234002,0.5203493737640079,0.351311062148047
20,"all_inverse_edges,no_changes,universal_edges",60,60,3,0.6931471824645996,1,20,0.000442361847187082,0.0008277310407720506,9.115460885921493,1,0.6931471824645996,0.00019714921654667705,0.00019738177070394158,0.0,0.0,0.00016479894528675015,0.4980288753602957,0.49869326414892184,0.4830059327620303,0.34799400900716504,1,0.6931471824645996,0.0006285823765210807,0.0006286331918090582,0.0,0.0004943968358602505,0.0018127883981542518,0.5017966316388124,0.49933774559633715,0.4913876071193144,0.35024688868635173,1,0.6931471824645996,0.0005009633023291826,0.0005010705790482461,0.0,0.00016479894528675015,0.000988793671720501,0.4963421096850078,0.49901206284814237,0.48715227422544494,0.347496745131685
21,"universal_edges,no_changes,all_inverse_edges",63,63,3,0.6931471824645996,1,21,0.00026734348890992504,0.0008277310407720506,9.094699148088694,1,0.6931471824645996,0.00018561448086984456,0.00018572525004856288,0.0,0.0,0.00016479894528675015,0.49941835666369383,0.4987974282171523,0.48436058009228744,0.3487115271539135,1,0.6931471824645996,0.00033305390388704836,0.00033313376479782164,0.0,0.0,0.0004943968358602505,0.4984748019181305,0.49959246729959084,0.4947000659195781,0.3489557858594739,1,0.6931471824645996,0.0002829180157277733,0.00028317145188339055,0.0,0.0,0.0003295978905735003,0.4979383975079814,0.49924854670172925,0.4902274225444957,0.348421847614933
22,"universal_edges,all_inverse_edges,no_changes",66,66,3,0.6931471824645996,1,22,0.0004155197724079092,0.0008277310407720506,9.089489827863872,1,0.6931471824645996,0.00019106757827103138,0.00019178719958290458,0.0,0.0,0.00016479894528675015,0.4979448602117182,0.49842918123630187,0.47957152274225445,0.34773251368211516,1,0.6931471824645996,0.0005223804037086666,0.0005227160872891545,0.00016479894528675015,0.0003295978905735003,0.0008239947264337508,0.4961353031654323,0.4989294359158186,0.48607778510217536,0.3473332044859049,1,0.6931471824645996,0.0005319249466992915,0.0005320560303516686,0.00016479894528675015,0.00016479894528675015,0.0006591957811470006,0.4943451342303566,0.4979029276869466,0.4727290705339486,0.3456572392767811
23,"universal_edges,no_changes,all_inverse_edges",69,69,3,0.6931471824645996,1,23,0.000563827061948056,0.0008277310407720506,9.11784197599627,1,0.6931471824645996,0.0001513578463345766,0.00015164093929342926,0.0,0.0,0.0,0.4994118939599571,0.49784092698464544,0.4719215557020435,0.34789518185182633,1,0.6931471824645996,0.000639232574030757,0.0006394079537130892,0.00016479894528675015,0.0003295978905735003,0.000988793671720501,0.5004976281877286,0.49855410477309947,0.48119644034278186,0.3489923933529252,1,0.6931471824645996,0.0009002187289297581,0.0009004322928376496,0.0003295978905735003,0.0006591957811470006,0.0014831905075807514,0.49905644525443665,0.4980753734563404,0.4749703361898484,0.34793459446492847
24,"all_inverse_edges,no_changes,universal_edges",72,72,3,0.6931471824645996,1,24,0.0004344143283863862,0.0008277310407720506,9.083825410110876,1,0.6931471824645996,0.00019958226766902953,0.00019978254567831755,0.0,0.0,0.0,0.5012990034510838,0.4999515927009959,0.49937046802900464,0.3505431913100105,1,0.6931471824645996,0.0005523849395103753,0.0005525574670173228,0.0,0.0004943968358602505,0.0006591957811470006,0.5003748368167307,0.4996421427880805,0.4953460777851022,0.34986128953798773,1,0.6931471824645996,0.0005506019224412739,0.0005509029724635184,0.0,0.0004943968358602505,0.0011535926170072512,0.5001809557046286,0.4995103541980284,0.49363216875411997,0.3496616272442922
25,"universal_edges,no_changes,all_inverse_edges",75,75,3,0.6931471824645996,1,25,0.0003061589183441053,0.0008277310407720506,9.100832961965352,1,0.6931471824645996,0.00020274886628612876,0.0002028352755587548,0.0,0.0,0.00016479894528675015,0.5006979720035674,0.5008718315202461,0.5113381674357285,0.3510477728339243,1,0.6931471824645996,0.0004611878248397261,0.00046146922977641225,0.00016479894528675015,0.0003295978905735003,0.0004943968358602505,0.5026626339395349,0.5013338615687136,0.5173467369808833,0.3523348004035203,1,0.6931471824645996,0.0002540726854931563,0.0002541722496971488,0.0,0.0,0.0003295978905735003,0.5027337236806391,0.5005791205924296,0.5075313117996045,0.35172756096836466
26,"all_inverse_edges,universal_edges,no_changes",78,78,3,0.6931471824645996,1,26,0.0006045217645199349,0.0008277310407720506,9.104810065822676,1,0.6931471824645996,0.000972181383986026,0.0009722979157231748,0.0003295978905735003,0.0004943968358602505,0.001977587343441002,0.5022490209003839,0.502857533394008,0.5371621621621622,0.35342865227735176,1,0.6931471824645996,0.00040948568494059145,0.0004097461642231792,0.0,0.0,0.0004943968358602505,0.5021326922331226,0.5036477890230572,0.547439024390244,0.3540364789299084,1,0.6931471824645996,0.0004313323297537863,0.00043152121361345053,0.0,0.0,0.00016479894528675015,0.5009564801530368,0.5031918844378214,0.5415095583388266,0.3531124680731083
27,"all_inverse_edges,no_changes,universal_edges",81,81,3,0.6931471824645996,1,27,0.0006141629031238457,0.0008277310407720506,9.09527205885388,1,0.6931471824645996,0.0006206235848367214,0.0006206973339430988,0.00016479894528675015,0.0004943968358602505,0.000988793671720501,0.5022360954929104,0.5019753069713132,0.5256888595912986,0.35268118251231545,1,0.6931471824645996,0.0006352364434860647,0.0006353622302412987,0.00016479894528675015,0.0003295978905735003,0.000988793671720501,0.4993925058487469,0.5012056282199511,0.5156789716545814,0.35073136126916044,1,0.6931471824645996,0.0005863684928044677,0.0005864291451871395,0.0,0.00016479894528675015,0.0011535926170072512,0.500562255225096,0.5009658580911944,0.512560975609756,0.3510650306073288
28,"universal_edges,all_inverse_edges,no_changes",84,84,3,0.6931471824645996,1,28,0.0006147571160302808,0.0008277310407720506,9.089093430899084,1,0.6931471824645996,0.00021070815273560584,0.00021079121506772935,0.0,0.0,0.00016479894528675015,0.4996316258870061,0.5006437388374668,0.5083717864205669,0.35036868037904506,1,0.6931471824645996,0.0006531687686219811,0.0006533038686029613,0.00016479894528675015,0.0003295978905735003,0.0008239947264337508,0.5001357167784715,0.5003406225648015,0.5044297956493079,0.35034320301575167,1,0.6931471824645996,0.000979381613433361,0.0009801762644201517,0.0004943968358602505,0.0004943968358602505,0.0014831905075807514,0.5007949125596184,0.5014344693326535,0.5186552406064602,0.3515659016649537
29,"universal_edges,no_changes,all_inverse_edges",87,87,3,0.6931471824645996,1,29,0.0004339138007101913,0.0008277310407720506,9.099734788993374,1,0.6931471824645996,0.00018788539455272257,0.00018793143681250513,0.0,0.0,0.0,0.5002391200382592,0.4982707542004228,0.47751153592617007,0.3486343021426916,1,0.6931471824645996,0.000673262111376971,0.000674092152621597,0.0003295978905735003,0.0006591957811470006,0.0006591957811470006,0.5018289451574961,0.4981840024302709,0.4763843111404087,0.3492758804640726,1,0.6931471824645996,0.000439670606283471,0.0004397178126964718,0.0,0.00016479894528675015,0.000988793671720501,0.4989336538834387,0.4987411664857224,0.48362887277521427,0.34844441256194003
30,"no_changes,all_inverse_edges,universal_edges",90,90,3,0.6931471824645996,1,30,0.00025761103703795624,0.0008277310407720506,9.073398503940552,1,0.6931471824645996,0.00019155473273713142,0.00019160726515110582,0.0,0.0,0.00016479894528675015,0.4980159499528223,0.49680512310372804,0.45845088991430455,0.346384280261805,1,0.6931471824645996,0.0002974948729388416,0.0002975313109345734,0.0,0.0,0.0003295978905735003,0.5012408391174532,0.49797467243934707,0.47366183256427163,0.3488322600010563,1,0.6931471824645996,0.00028152280719950795,0.0002836945350281894,0.0,0.0,0.0003295978905735003,0.4968203497615262,0.4973170880428548,0.4651087673038893,0.34628209135351673
31,"universal_edges,no_changes,all_inverse_edges",93,93,3,0.6931471824645996,1,31,0.0004312061694993948,0.0008277310407720506,9.091204064898193,1,0.6931471824645996,0.00020921116811223328,0.00020931194012518972,0.0,0.0,0.0003295978905735003,0.4987720862900203,0.4982629246599619,0.4774093605800923,0.3479656204753647,1,0.6931471824645996,0.0006429192144423723,0.000643061357550323,0.00016479894528675015,0.0003295978905735003,0.000988793671720501,0.49890780306849175,0.49938591581705705,0.49201384311140406,0.34897831780279864,1,0.6931471824645996,0.00044107832945883274,0.00044124521082267165,0.0,0.00016479894528675015,0.0008239947264337508,0.4986945338451795,0.4986448597156939,0.48237640079103494,0.3482545400174334
32,"all_inverse_edges,no_changes,universal_edges",96,96,3,0.6931471824645996,1,32,0.0004647956423771878,0.0008277310407720506,9.101331188809127,1,0.6931471824645996,0.000293202989269048,0.0002932730130851269,0.0,0.0,0.0003295978905735003,0.5003037470756265,0.5005707456200369,0.5074225444957152,0.3506139648230232,1,0.6931471824645996,0.0004813050327356905,0.0004814474959857762,0.0,0.00016479894528675015,0.000988793671720501,0.4984683392143937,0.500598128651169,0.5077785102175346,0.34979865760520334,1,0.6931471824645996,0.0006194225279614329,0.0006196664180606604,0.0,0.0003295978905735003,0.0013183915622940012,0.5006527330774103,0.5008079647711378,0.5105075807514832,0.3509732670369291
33,"all_inverse_edges,no_changes,universal_edges",99,99,3,0.6931471824645996,1,33,0.0004409601291020711,0.0008277310407720506,9.053504877956584,1,0.6931471824645996,0.00025933142751455307,0.00025951358838938177,0.0,0.0,0.00016479894528675015,0.5008207633745654,0.5011001806436194,0.5143078444297957,0.351296322323635,1,0.6931471824645996,0.0005952152423560619,0.0005954623338766396,0.00016479894528675015,0.0004943968358602505,0.0011535926170072512,0.5027337236806391,0.5005791205924296,0.5075313117996045,0.35172756096836466,1,0.6931471824645996,0.0004672396171372384,0.000467904465040192,0.00016479894528675015,0.00016479894528675015,0.0004943968358602505,0.5009823309679837,0.5000261043577383,0.5003394858272907,0.35046251407588475
34,"all_inverse_edges,universal_edges,no_changes",102,102,3,0.6931471824645996,1,34,0.0004713988649503638,0.0008277310407720506,9.04147010622546,1,0.6931471824645996,0.00034423801116645336,0.00034618659992702305,0.0,0.00016479894528675015,0.0003295978905735003,0.499340804218853,0.501936333249871,0.5251812788398155,0.35131937913323386,1,0.6931471824645996,0.0005895233480259776,0.0005896344664506614,0.00016479894528675015,0.0003295978905735003,0.0008239947264337508,0.5021779311592798,0.5015259612106309,0.5198450889914304,0.3522757088719898,1,0.6931471824645996,0.0004781336756423116,0.00047837552847340703,0.0,0.00016479894528675015,0.0004943968358602505,0.5016609148603409,0.501480846401543,0.5192584047462097,0.35200124181260917
35,"all_inverse_edges,universal_edges,no_changes",105,105,3,0.6931471824645996,1,35,0.0004845910977261762,0.0008277310407720506,9.058408163953573,1,0.6931471824645996,0.0004137922078371048,0.0004138466320000589,0.0,0.00016479894528675015,0.0006591957811470006,0.500562255225096,0.5013011607639799,0.5169215557020435,0.35134727682194256,1,0.6931471824645996,0.0004677757970057428,0.0004684242303483188,0.0,0.00016479894528675015,0.0008239947264337508,0.503832383315884,0.501255574727075,0.5163282794990112,0.3528017774381466,1,0.6931471824645996,0.0005707831005565822,0.0005715024308301508,0.00016479894528675015,0.00016479894528675015,0.0004943968358602505,0.500368374112994,0.5008713254824074,0.511331575477917,0.3508968228591602
36,"no_changes,all_inverse_edges,universal_edges",108,108,3,0.6931471824645996,1,36,0.0002648600445051367,0.0008277310407720506,9.081301473081112,1,0.6931471824645996,0.00016605702694505453,0.00016610238526482135,0.0,0.0,0.0,0.5002520454457327,0.49906607025814176,0.48785431773236654,0.34931691867841586,1,0.6931471824645996,0.00027779029915109277,0.00027792947366833687,0.0,0.00016479894528675015,0.0003295978905735003,0.5007173601147776,0.4989477054884596,0.48631509558338826,0.3494267810610748,1,0.6931471824645996,0.0003504942578729242,0.0003505482745822519,0.0,0.00016479894528675015,0.0004943968358602505,0.5011762120800858,0.49937551663732177,0.491878707976269,0.3499982756929422
37,"all_inverse_edges,no_changes,universal_edges",111,111,3,0.6931471824645996,1,37,0.0004137348441872746,0.0008277310407720506,9.072046953020617,1,0.6931471824645996,0.0002863937115762383,0.0002864320995286107,0.00016479894528675015,0.00016479894528675015,0.00016479894528675015,0.4984748019181305,0.4971459975061212,0.4628839815425181,0.3468811320344927,1,0.6931471824645996,0.00036312261363491416,0.00036318236379884183,0.0,0.0,0.0004943968358602505,0.4992374009590652,0.4974118398585538,0.46634146341463417,0.34745066904788335,1,0.6931471824645996,0.0005915212095715106,0.0005915900692343712,0.00016479894528675015,0.0003295978905735003,0.000988793671720501,0.4980288753602957,0.497513503555456,0.4676631509558339,0.3469935161779493
38,"no_changes,universal_edges,all_inverse_edges",114,114,3,0.6931471824645996,1,38,0.00031127960634573054,0.0008277310407720506,9.093591409968212,1,0.6931471824645996,0.00016690486518200487,0.00016700140258762985,0.0,0.0,0.0,0.4996316258870061,0.49847048451333437,0.48010876730388924,0.3485302395145043,1,0.6931471824645996,0.000341060251230374,0.00034110728302039206,0.0,0.0,0.0004943968358602505,0.49940543125622033,0.49847403586396205,0.48015491100856955,0.34843107803251083,1,0.6931471824645996,0.0004255913372617215,0.00042573013342916965,0.0,0.0003295978905735003,0.0008239947264337508,0.498778548993757,0.49821350346410354,0.47676664469347396,0.3479265685387434
39,"universal_edges,no_changes,all_inverse_edges",117,117,3,0.6931471824645996,1,39,0.0004208181004893656,0.0008277310407720506,9.084098826162517,1,0.6931471824645996,0.00023864729155320674,0.0002387626882409677,0.0,0.00016479894528675015,0.0003295978905735003,0.49836493595460596,0.5003208595515103,0.5041727092946605,0.3495186349119495,1,0.6931471824645996,0.0004970873123966157,0.0004986466956324875,0.0,0.0004943968358602505,0.000988793671720501,0.49827445810229165,0.4991375430664366,0.4887837837837838,0.3484808634896584,1,0.6931471824645996,0.00044253552914597094,0.0005250449175946414,0.00016479894528675015,0.0003295978905735003,0.0006591957811470006,0.49852650354802436,0.49920952103126687,0.48971984179301253,0.3486561105697769
40,"all_inverse_edges,no_changes,universal_edges",120,120,3,0.6931471824645996,1,40,0.0003923398811214914,0.0008277310407720506,9.088103457121179,1,0.6931471824645996,0.00033038697438314557,0.0003304588026367128,0.0,0.0,0.0004943968358602505,0.4993278788113795,0.5013024468865301,0.5169380355965721,0.35078291948633394,1,0.6931471824645996,0.0004398333257995546,0.0004399612662382424,0.0,0.0,0.0006591957811470006,0.5028500523479003,0.501837950413114,0.5239024390243903,0.35284642636526964,1,0.6931471824645996,0.0004063450323883444,0.000406599574489519,0.0,0.0,0.0006591957811470006,0.49986428322152854,0.500975746767706,0.5126895187870798,0.35075429075034875
41,"no_changes,all_inverse_edges,universal_edges",123,123,3,0.6931471824645996,1,41,0.0007223510377419492,0.0008277310407720506,9.172978424001485,1,0.6931471824645996,0.0007779261213727295,0.0007780330488458276,0.00016479894528675015,0.0006591957811470006,0.0011535926170072512,0.501072808820298,0.5026499905341885,0.5344627554383652,0.35271329385654365,1,0.6931471824645996,0.0007973631727509201,0.0007977116038091481,0.00016479894528675015,0.00016479894528675015,0.0014831905075807514,0.5027466490881125,0.5029763925507107,0.538707976268952,0.3537573947419783,1,0.6931471824645996,0.000590285868383944,0.0005913084605708718,0.0,0.0003295978905735003,0.000988793671720501,0.5012731526361368,0.5025709076519086,0.5334344100197759,0.3527393078006975
42,"no_changes,all_inverse_edges,universal_edges",126,126,3,0.6931471824645996,1,42,0.000504065896772469,0.0008277310407720506,9.311670685885474,1,0.6931471824645996,0.00018273733439855278,0.00018284845282323658,0.0,0.0,0.0,0.4984683392143937,0.5005360341815673,0.5069709953856295,0.3497465509691063,1,0.6931471824645996,0.0006918145809322596,0.0006920512532815337,0.0003295978905735003,0.0003295978905735003,0.0008239947264337508,0.5017061537864981,0.5007871855397108,0.5102373104812129,0.35143617993326126,1,0.6931471824645996,0.0006368181784637272,0.000637297984212637,0.00016479894528675015,0.0003295978905735003,0.0011535926170072512,0.4973955303940957,0.5008417154370911,0.5109459459459459,0.3495112374098436
43,"all_inverse_edges,no_changes,universal_edges",129,129,3,0.6931471824645996,1,43,0.00023279470527389398,0.0008277310407720506,9.39996514399536,1,0.6931471824645996,0.000180168601218611,0.00018027922487817705,0.0,0.0,0.00016479894528675015,0.5002391200382592,0.49863090522186376,0.4821951219512195,0.34894108456038453,1,0.6931471824645996,0.00023633972159586847,0.0002363732346566394,0.0,0.0,0.0003295978905735003,0.5005816433363062,0.4990168982838404,0.4872148978246539,0.3494242681081264,1,0.6931471824645996,0.0002815331390593201,0.00028173165628686547,0.0,0.0,0.0004943968358602505,0.4973438287642018,0.4994984334125085,0.4934772577455504,0.34836169212927337
44,"universal_edges,all_inverse_edges,no_changes",132,132,3,0.6931471824645996,1,44,0.00047864922089502215,0.0008277310407720506,9.426898702047765,1,0.6931471824645996,0.00014581899449694902,0.0001458600745536387,0.0,0.0,0.00016479894528675015,0.49942481936743055,0.496375924594558,0.4528707976268952,0.346647954929222,1,0.6931471824645996,0.000592811731621623,0.0005929191829636693,0.0,0.0006591957811470006,0.0011535926170072512,0.5005105535952021,0.49568552000617216,0.4438958470665788,0.3465375157638842,1,0.6931471824645996,0.0006970994872972369,0.0006971684051677585,0.00016479894528675015,0.0004943968358602505,0.0013183915622940012,0.49852004084428764,0.4965143876976378,0.45467040210942655,0.3463618566735917
45,"all_inverse_edges,universal_edges,no_changes",135,135,3,0.6931471824645996,1,45,0.0004281902656657621,0.0008277310407720506,9.419485006015748,1,0.6931471824645996,0.00018556654686108232,0.00018591863045003265,0.0,0.0,0.00016479894528675015,0.49868807114144276,0.4984210722855996,0.47946605141727094,0.3480618744670043,1,0.6931471824645996,0.0006149074761196971,0.000614966731518507,0.00016479894528675015,0.0004943968358602505,0.0013183915622940012,0.49788669587808754,0.498414481436116,0.4793803559657218,0.34769374177488616,1,0.6931471824645996,0.000483622687170282,0.0004836854350287467,0.00016479894528675015,0.0003295978905735003,0.0008239947264337508,0.49904351984696316,0.49850952126908804,0.48061634805537246,0.3482976411203959
46,"all_inverse_edges,universal_edges,no_changes",138,138,3,0.6931471824645996,1,46,0.0003649228116652618,0.0008277310407720506,9.576069480041042,1,0.6931471824645996,0.00017685280181467533,0.00017694570124149323,0.0,0.0,0.00016479894528675015,0.4984231002882366,0.49954076538983744,0.4940276862228082,0.34888867049391936,1,0.6931471824645996,0.0005059987888671458,0.0005061065312474966,0.00016479894528675015,0.00016479894528675015,0.000988793671720501,0.49780268072951,0.4999386664617811,0.49920237310481214,0.3489408938428524,1,0.6931471824645996,0.000411635177442804,0.0004117162025067955,0.0,0.0003295978905735003,0.0004943968358602505,0.49996768648131634,0.49971310656139073,0.496268951878708,0.3497364757659965
47,"all_inverse_edges,no_changes,universal_edges",141,141,3,0.6931471824645996,1,47,0.0004320598867100974,0.0008277310407720506,9.580858688103035,1,0.6931471824645996,0.0004103657556697726,0.0004104811232537031,0.0,0.0,0.0008239947264337508,0.5016996910827614,0.50237650561674,0.530906394199077,0.3527724249033057,1,0.6931471824645996,0.0004587482544593513,0.0004590646713040769,0.0,0.0,0.0006591957811470006,0.5007625990409348,0.5026378370750293,0.5343045484508899,0.3525602505118265,1,0.6931471824645996,0.00042654405115172267,0.00042663386557251215,0.0,0.0,0.0003295978905735003,0.500975868264247,0.502211526506205,0.5287607119314437,0.35230143256370516
48,"universal_edges,all_inverse_edges,no_changes",144,144,3,0.6931471824645996,1,48,0.0008708127619077762,0.0008708127619077762,9.608728406950831,1,0.6931471824645996,0.0012223185040056705,0.0012224412057548761,0.0004943968358602505,0.0013183915622940012,0.0023071852340145024,0.5004006876316776,0.5030831859707486,0.5400955833882664,0.35276510206718287,1,0.6931471824645996,0.0007886444800533354,0.0007890211418271065,0.0003295978905735003,0.0004943968358602505,0.0011535926170072512,0.5014734964519757,0.5034108424069713,0.5443572841133817,0.3535340249989835,1,0.6931471824645996,0.0006001100409775972,0.000600975938141346,0.0,0.0003295978905735003,0.0008239947264337508,0.5019711246397043,0.5034675910012781,0.5450955833882662,0.3538112845632195
49,"all_inverse_edges,no_changes,universal_edges",147,147,3,0.6931471824645996,1,49,0.0005800060850257674,0.0008708127619077762,9.551185135031119,1,0.6931471824645996,0.0004571709141600877,0.0004572126199491322,0.0,0.0004943968358602505,0.0006591957811470006,0.5006785838923572,0.5015292579069052,0.519887936717205,0.3515923205722085,1,0.6931471824645996,0.0006142649217508733,0.0006143336649984121,0.00016479894528675015,0.00016479894528675015,0.0011535926170072512,0.5020292889733349,0.5009488817717043,0.5123401450230718,0.351720246915095,1,0.6931471824645996,0.0006683570682071149,0.0006684719701297581,0.00016479894528675015,0.00016479894528675015,0.0016479894528675016,0.5023653495676451,0.5012104333900743,0.5157415952537904,0.3520947448911049
50,"no_changes,all_inverse_edges,universal_edges",150,150,3,0.6931471824645996,1,50,0.0004353364638518542,0.0008708127619077762,9.455610360018909,1,0.6931471824645996,0.0003326117293909192,0.00033267997787334025,0.0,0.0003295978905735003,0.0003295978905735003,0.5004200757428878,0.4999295437838396,0.49908371786420563,0.35012521225616944,1,0.6931471824645996,0.0003665323310997337,0.00036661355989053845,0.0,0.0,0.0008239947264337508,0.5065402561815762,0.4997845339307714,0.4971984179301253,0.3527702930497626,1,0.6931471824645996,0.0006066133501008153,0.0006067158537916839,0.00016479894528675015,0.0003295978905735003,0.0008239947264337508,0.5018095570462859,0.4999219394712125,0.4989848384970336,0.3507497298492579
51,"universal_edges,all_inverse_edges,no_changes",153,153,3,0.6931471824645996,1,51,0.0004105822930190091,0.0008708127619077762,9.404673638986424,1,0.6931471824645996,0.0001296062400797382,0.00012966986105311662,0.0,0.0,0.0,0.502048677084545,0.4971616923262175,0.4630916282135794,0.348496301882037,1,0.6931471824645996,0.00045207832590676844,0.0004521160735748708,0.0,0.0004943968358602505,0.0008239947264337508,0.5190972895420528,0.4966061088844609,0.4559591298615689,0.35552416868269154,1,0.6931471824645996,0.0006498396396636963,0.00064996094442904,0.00016479894528675015,0.0003295978905735003,0.0014831905075807514,0.5066565848488374,0.49749079736680396,0.4673796967699407,0.35083617553161195
52,"no_changes,universal_edges,all_inverse_edges",156,156,3,0.6931471824645996,1,52,0.0003037633675072963,0.0008708127619077762,9.381927893031389,1,0.6931471824645996,0.0001586803700774908,0.0001587764563737437,0.0,0.0,0.0,0.511988315431644,0.4957711096821089,0.4450659195781147,0.3516744177766815,1,0.6931471824645996,0.00037170309224165976,0.0003718203224707395,0.0,0.0003295978905735003,0.0008239947264337508,0.5884033244148021,0.4966126149220228,0.45755108767303887,0.38425501235197185,1,0.6931471824645996,0.0003806042659562081,0.0003806933236774057,0.0,0.0,0.000988793671720501,0.5271433556942883,0.49741592771310006,0.46652274225444956,0.35974924567628846
53,"no_changes,all_inverse_edges,universal_edges",159,159,3,0.6931471824645996,1,53,0.00029091555431174737,0.0008708127619077762,9.305344246095046,1,0.6931471824645996,0.0003123160859104246,0.0003123645146843046,0.00016479894528675015,0.00016479894528675015,0.00016479894528675015,0.570120335543578,0.49631723058247645,0.45323335530652603,0.3766429030137429,1,0.6931471824645996,0.00020036347268614918,0.00020041948300786316,0.0,0.0,0.0003295978905735003,0.8094471803223596,0.49780475262623447,0.48339485827290707,0.46157454744440407,1,0.6931471824645996,0.00035991493496112525,0.0003599626652430743,0.0,0.00016479894528675015,0.0006591957811470006,0.6393552806752233,0.49843852563921953,0.48143704680290045,0.4058277795633301
54,"no_changes,universal_edges,all_inverse_edges",162,162,3,0.6931471824645996,1,54,0.00023851263298032185,0.0008708127619077762,9.162634422071278,1,0.6931471824645996,0.00025127522530965507,0.00025130531867034733,0.0,0.00016479894528675015,0.00016479894528675015,0.8097121511755658,0.49818522230055473,0.48627554383651944,0.46221273292048637,1,0.6931471824645996,0.00019364258332643658,0.00019917066674679518,0.0,0.00016479894528675015,0.0004943968358602505,0.9643517261881681,0.5019415013414733,0.5016710613052077,0.5017419948939211,1,0.6931471824645996,0.0002649212838150561,0.000265061913523823,0.0,0.00016479894528675015,0.0004943968358602505,0.9420360101852211,0.49999008104067655,0.49998022412656556,0.4982009287120934
55,"no_changes,all_inverse_edges,universal_edges",165,165,3,0.6931471824645996,1,55,7.687898566170286e-05,0.0008708127619077762,9.145419903099537,1,0.6931471824645996,0.00016443825734313577,0.00016444888024125248,0.0,0.00016479894528675015,0.0004943968358602505,0.9737226466064343,0.5111475365820108,0.5041891891891892,0.5046392274988889,1,0.6931471824645996,3.411296711419709e-05,3.426838884479366e-05,0.0,0.0,0.0,0.9802047384543797,0.5063263781401741,0.5000659195781146,0.49532794506700467,1,0.6931471824645996,3.1911149562802166e-05,3.191968789906241e-05,0.0,0.0,0.0,0.9801336487132757,0.5021014107295233,0.5000296638101516,0.49530864801360563
56,"no_changes,all_inverse_edges,universal_edges",168,168,3,0.6931471824645996,1,56,2.4432762681196134e-05,0.0008708127619077762,9.182468273909763,1,0.6931471824645996,2.442427103233058e-05,2.4432811187580228e-05,0.0,0.0,0.0,0.9803921568627451,0.49019607843137253,0.5,0.49504950495049505,1,0.6931471824645996,2.4424196453765035e-05,2.4432738428004086e-05,0.0,0.0,0.0,0.9803921568627451,0.49019607843137253,0.5,0.49504950495049505,1,0.6931471824645996,2.4424196453765035e-05,2.4432738428004086e-05,0.0,0.0,0.0,0.9803921568627451,0.49019607843137253,0.5,0.49504950495049505
57,"no_changes,all_inverse_edges,universal_edges",171,171,3,0.6931471824645996,1,57,2.4432738428004086e-05,0.0008708127619077762,9.150887100026011,1,0.6931471824645996,2.4424196453765035e-05,2.4432738428004086e-05,0.0,0.0,0.0,0.9803921568627451,0.49019607843137253,0.5,0.49504950495049505,1,0.6931471824645996,2.4424196453765035e-05,2.4432738428004086e-05,0.0,0.0,0.0,0.9803921568627451,0.49019607843137253,0.5,0.49504950495049505,1,0.6931471824645996,2.4424196453765035e-05,2.4432738428004086e-05,0.0,0.0,0.0,0.9803921568627451,0.49019607843137253,0.5,0.49504950495049505
58,"universal_edges,all_inverse_edges,no_changes",174,174,3,0.6931471824645996,1,58,2.4432738428004086e-05,0.0008708127619077762,9.10681514791213,1,0.6931471824645996,2.4424196453765035e-05,2.4432738428004086e-05,0.0,0.0,0.0,0.9803921568627451,0.49019607843137253,0.5,0.49504950495049505,1,0.6931471824645996,2.4424196453765035e-05,2.4432738428004086e-05,0.0,0.0,0.0,0.9803921568627451,0.49019607843137253,0.5,0.49504950495049505,1,0.6931471824645996,2.4424196453765035e-05,2.4432738428004086e-05,0.0,0.0,0.0,0.9803921568627451,0.49019607843137253,0.5,0.49504950495049505
59,"all_inverse_edges,universal_edges,no_changes",177,177,3,0.6931471824645996,1,59,2.4432738428004086e-05,0.0008708127619077762,9.13377591012977,1,0.6931471824645996,2.4424196453765035e-05,2.4432738428004086e-05,0.0,0.0,0.0,0.9803921568627451,0.49019607843137253,0.5,0.49504950495049505,1,0.6931471824645996,2.4424196453765035e-05,2.4432738428004086e-05,0.0,0.0,0.0,0.9803921568627451,0.49019607843137253,0.5,0.49504950495049505,1,0.6931471824645996,2.4424196453765035e-05,2.4432738428004086e-05,0.0,0.0,0.0,0.9803921568627451,0.49019607843137253,0.5,0.49504950495049505
60,"universal_edges,all_inverse_edges,no_changes",180,180,3,0.6931471824645996,1,60,2.4432738428004086e-05,0.0008708127619077762,9.129904084838927,1,0.6931471824645996,2.4424196453765035e-05,2.4432738428004086e-05,0.0,0.0,0.0,0.9803921568627451,0.49019607843137253,0.5,0.49504950495049505,1,0.6931471824645996,2.4424196453765035e-05,2.4432738428004086e-05,0.0,0.0,0.0,0.9803921568627451,0.49019607843137253,0.5,0.49504950495049505,1,0.6931471824645996,2.4424196453765035e-05,2.4432738428004086e-05,0.0,0.0,0.0,0.9803921568627451,0.49019607843137253,0.5,0.49504950495049505
61,"all_inverse_edges,universal_edges,no_changes",183,183,3,0.6931471824645996,1,61,2.4432738428004086e-05,0.0008708127619077762,9.13116356707178,1,0.6931471824645996,2.4424196453765035e-05,2.4432738428004086e-05,0.0,0.0,0.0,0.9803921568627451,0.49019607843137253,0.5,0.49504950495049505,1,0.6931471824645996,2.4424196453765035e-05,2.4432738428004086e-05,0.0,0.0,0.0,0.9803921568627451,0.49019607843137253,0.5,0.49504950495049505,1,0.6931471824645996,2.4424196453765035e-05,2.4432738428004086e-05,0.0,0.0,0.0,0.9803921568627451,0.49019607843137253,0.5,0.49504950495049505
62,"universal_edges,no_changes,all_inverse_edges",186,186,3,0.6931471824645996,1,62,2.4432738428004086e-05,0.0008708127619077762,9.220841146074235,1,0.6931471824645996,2.4424196453765035e-05,2.4432738428004086e-05,0.0,0.0,0.0,0.9803921568627451,0.49019607843137253,0.5,0.49504950495049505,1,0.6931471824645996,2.4424196453765035e-05,2.4432738428004086e-05,0.0,0.0,0.0,0.9803921568627451,0.49019607843137253,0.5,0.49504950495049505,1,0.6931471824645996,2.4424196453765035e-05,2.4432738428004086e-05,0.0,0.0,0.0,0.9803921568627451,0.49019607843137253,0.5,0.49504950495049505
63,"all_inverse_edges,no_changes,universal_edges",189,189,3,0.6931471824645996,1,63,2.4432738428004086e-05,0.0008708127619077762,9.1664434929844,1,0.6931471824645996,2.4424196453765035e-05,2.4432738428004086e-05,0.0,0.0,0.0,0.9803921568627451,0.49019607843137253,0.5,0.49504950495049505,1,0.6931471824645996,2.4424196453765035e-05,2.4432738428004086e-05,0.0,0.0,0.0,0.9803921568627451,0.49019607843137253,0.5,0.49504950495049505,1,0.6931471824645996,2.4424196453765035e-05,2.4432738428004086e-05,0.0,0.0,0.0,0.9803921568627451,0.49019607843137253,0.5,0.49504950495049505
64,"universal_edges,all_inverse_edges,no_changes",192,192,3,0.6931471824645996,1,64,2.4432738428004086e-05,0.0008708127619077762,9.141638766042888,1,0.6931471824645996,2.4424196453765035e-05,2.4432738428004086e-05,0.0,0.0,0.0,0.9803921568627451,0.49019607843137253,0.5,0.49504950495049505,1,0.6931471824645996,2.4424196453765035e-05,2.4432738428004086e-05,0.0,0.0,0.0,0.9803921568627451,0.49019607843137253,0.5,0.49504950495049505,1,0.6931471824645996,2.4424196453765035e-05,2.4432738428004086e-05,0.0,0.0,0.0,0.9803921568627451,0.49019607843137253,0.5,0.49504950495049505
65,"all_inverse_edges,no_changes,universal_edges",195,195,3,0.6931471824645996,1,65,2.4432738428004086e-05,0.0008708127619077762,9.26929350499995,1,0.6931471824645996,2.4424196453765035e-05,2.4432738428004086e-05,0.0,0.0,0.0,0.9803921568627451,0.49019607843137253,0.5,0.49504950495049505,1,0.6931471824645996,2.4424196453765035e-05,2.4432738428004086e-05,0.0,0.0,0.0,0.9803921568627451,0.49019607843137253,0.5,0.49504950495049505,1,0.6931471824645996,2.4424196453765035e-05,2.4432738428004086e-05,0.0,0.0,0.0,0.9803921568627451,0.49019607843137253,0.5,0.49504950495049505
66,"no_changes,all_inverse_edges,universal_edges",198,198,3,0.6931471824645996,1,66,2.4432738428004086e-05,0.0008708127619077762,9.251031988998875,1,0.6931471824645996,2.4424196453765035e-05,2.4432738428004086e-05,0.0,0.0,0.0,0.9803921568627451,0.49019607843137253,0.5,0.49504950495049505,1,0.6931471824645996,2.4424196453765035e-05,2.4432738428004086e-05,0.0,0.0,0.0,0.9803921568627451,0.49019607843137253,0.5,0.49504950495049505,1,0.6931471824645996,2.4424196453765035e-05,2.4432738428004086e-05,0.0,0.0,0.0,0.9803921568627451,0.49019607843137253,0.5,0.49504950495049505
67,"all_inverse_edges,universal_edges,no_changes",201,201,3,0.6931471824645996,1,67,2.4432738428004086e-05,0.0008708127619077762,9.172319462057203,1,0.6931471824645996,2.4424196453765035e-05,2.4432738428004086e-05,0.0,0.0,0.0,0.9803921568627451,0.49019607843137253,0.5,0.49504950495049505,1,0.6931471824645996,2.4424196453765035e-05,2.4432738428004086e-05,0.0,0.0,0.0,0.9803921568627451,0.49019607843137253,0.5,0.49504950495049505,1,0.6931471824645996,2.4424196453765035e-05,2.4432738428004086e-05,0.0,0.0,0.0,0.9803921568627451,0.49019607843137253,0.5,0.49504950495049505
68,"no_changes,universal_edges,all_inverse_edges",204,204,3,0.6931471824645996,1,68,2.4432738428004086e-05,0.0008708127619077762,9.116215026006103,1,0.6931471824645996,2.4424196453765035e-05,2.4432738428004086e-05,0.0,0.0,0.0,0.9803921568627451,0.49019607843137253,0.5,0.49504950495049505,1,0.6931471824645996,2.4424196453765035e-05,2.4432738428004086e-05,0.0,0.0,0.0,0.9803921568627451,0.49019607843137253,0.5,0.49504950495049505,1,0.6931471824645996,2.4424196453765035e-05,2.4432738428004086e-05,0.0,0.0,0.0,0.9803921568627451,0.49019607843137253,0.5,0.49504950495049505
69,"universal_edges,no_changes,all_inverse_edges",207,207,3,0.6931471824645996,1,69,2.4432738428004086e-05,0.0008708127619077762,9.1338924781885,1,0.6931471824645996,2.4424196453765035e-05,2.4432738428004086e-05,0.0,0.0,0.0,0.9803921568627451,0.49019607843137253,0.5,0.49504950495049505,1,0.6931471824645996,2.4424196453765035e-05,2.4432738428004086e-05,0.0,0.0,0.0,0.9803921568627451,0.49019607843137253,0.5,0.49504950495049505,1,0.6931471824645996,2.4424196453765035e-05,2.4432738428004086e-05,0.0,0.0,0.0,0.9803921568627451,0.49019607843137253,0.5,0.49504950495049505
70,"no_changes,all_inverse_edges,universal_edges",210,210,3,0.6931471824645996,1,70,2.4432738428004086e-05,0.0008708127619077762,9.150653437944129,1,0.6931471824645996,2.4424196453765035e-05,2.4432738428004086e-05,0.0,0.0,0.0,0.9803921568627451,0.49019607843137253,0.5,0.49504950495049505,1,0.6931471824645996,2.4424196453765035e-05,2.4432738428004086e-05,0.0,0.0,0.0,0.9803921568627451,0.49019607843137253,0.5,0.49504950495049505,1,0.6931471824645996,2.4424196453765035e-05,2.4432738428004086e-05,0.0,0.0,0.0,0.9803921568627451,0.49019607843137253,0.5,0.49504950495049505
71,"no_changes,all_inverse_edges,universal_edges",213,213,3,0.6931471824645996,1,71,2.4432738428004086e-05,0.0008708127619077762,9.18431468703784,1,0.6931471824645996,2.4424196453765035e-05,2.4432738428004086e-05,0.0,0.0,0.0,0.9803921568627451,0.49019607843137253,0.5,0.49504950495049505,1,0.6931471824645996,2.4424196453765035e-05,2.4432738428004086e-05,0.0,0.0,0.0,0.9803921568627451,0.49019607843137253,0.5,0.49504950495049505,1,0.6931471824645996,2.4424196453765035e-05,2.4432738428004086e-05,0.0,0.0,0.0,0.9803921568627451,0.49019607843137253,0.5,0.49504950495049505
72,"all_inverse_edges,no_changes,universal_edges",216,216,3,0.6931471824645996,1,72,2.4432738428004086e-05,0.0008708127619077762,9.20044334908016,1,0.6931471824645996,2.4424196453765035e-05,2.4432738428004086e-05,0.0,0.0,0.0,0.9803921568627451,0.49019607843137253,0.5,0.49504950495049505,1,0.6931471824645996,2.4424196453765035e-05,2.4432738428004086e-05,0.0,0.0,0.0,0.9803921568627451,0.49019607843137253,0.5,0.49504950495049505,1,0.6931471824645996,2.4424196453765035e-05,2.4432738428004086e-05,0.0,0.0,0.0,0.9803921568627451,0.49019607843137253,0.5,0.49504950495049505
73,"universal_edges,no_changes,all_inverse_edges",219,219,3,0.6931471824645996,1,73,2.4432738428004086e-05,0.0008708127619077762,9.12270411895588,1,0.6931471824645996,2.4424196453765035e-05,2.4432738428004086e-05,0.0,0.0,0.0,0.9803921568627451,0.49019607843137253,0.5,0.49504950495049505,1,0.6931471824645996,2.4424196453765035e-05,2.4432738428004086e-05,0.0,0.0,0.0,0.9803921568627451,0.49019607843137253,0.5,0.49504950495049505,1,0.6931471824645996,2.4424196453765035e-05,2.4432738428004086e-05,0.0,0.0,0.0,0.9803921568627451,0.49019607843137253,0.5,0.49504950495049505
74,"universal_edges,no_changes,all_inverse_edges",222,222,3,0.6931471824645996,1,74,2.4432738428004086e-05,0.0008708127619077762,9.140804006019607,1,0.6931471824645996,2.4424196453765035e-05,2.4432738428004086e-05,0.0,0.0,0.0,0.9803921568627451,0.49019607843137253,0.5,0.49504950495049505,1,0.6931471824645996,2.4424196453765035e-05,2.4432738428004086e-05,0.0,0.0,0.0,0.9803921568627451,0.49019607843137253,0.5,0.49504950495049505,1,0.6931471824645996,2.4424196453765035e-05,2.4432738428004086e-05,0.0,0.0,0.0,0.9803921568627451,0.49019607843137253,0.5,0.49504950495049505
75,"universal_edges,all_inverse_edges,no_changes",225,225,3,0.6931471824645996,1,75,2.4432738428004086e-05,0.0008708127619077762,9.163236843189225,1,0.6931471824645996,2.4424196453765035e-05,2.4432738428004086e-05,0.0,0.0,0.0,0.9803921568627451,0.49019607843137253,0.5,0.49504950495049505,1,0.6931471824645996,2.4424196453765035e-05,2.4432738428004086e-05,0.0,0.0,0.0,0.9803921568627451,0.49019607843137253,0.5,0.49504950495049505,1,0.6931471824645996,2.4424196453765035e-05,2.4432738428004086e-05,0.0,0.0,0.0,0.9803921568627451,0.49019607843137253,0.5,0.49504950495049505
76,"no_changes,universal_edges,all_inverse_edges",228,228,3,0.6931471824645996,1,76,2.4432738428004086e-05,0.0008708127619077762,9.126803990919143,1,0.6931471824645996,2.4424196453765035e-05,2.4432738428004086e-05,0.0,0.0,0.0,0.9803921568627451,0.49019607843137253,0.5,0.49504950495049505,1,0.6931471824645996,2.4424196453765035e-05,2.4432738428004086e-05,0.0,0.0,0.0,0.9803921568627451,0.49019607843137253,0.5,0.49504950495049505,1,0.6931471824645996,2.4424196453765035e-05,2.4432738428004086e-05,0.0,0.0,0.0,0.9803921568627451,0.49019607843137253,0.5,0.49504950495049505
77,"universal_edges,all_inverse_edges,no_changes",231,231,3,0.6931471824645996,1,77,2.4432738428004086e-05,0.0008708127619077762,9.168560549849644,1,0.6931471824645996,2.4424196453765035e-05,2.4432738428004086e-05,0.0,0.0,0.0,0.9803921568627451,0.49019607843137253,0.5,0.49504950495049505,1,0.6931471824645996,2.4424196453765035e-05,2.4432738428004086e-05,0.0,0.0,0.0,0.9803921568627451,0.49019607843137253,0.5,0.49504950495049505,1,0.6931471824645996,2.4424196453765035e-05,2.4432738428004086e-05,0.0,0.0,0.0,0.9803921568627451,0.49019607843137253,0.5,0.49504950495049505
78,"all_inverse_edges,no_changes,universal_edges",234,234,3,0.6931471824645996,1,78,2.4432738428004086e-05,0.0008708127619077762,9.138706227997318,1,0.6931471824645996,2.4424196453765035e-05,2.4432738428004086e-05,0.0,0.0,0.0,0.9803921568627451,0.49019607843137253,0.5,0.49504950495049505,1,0.6931471824645996,2.4424196453765035e-05,2.4432738428004086e-05,0.0,0.0,0.0,0.9803921568627451,0.49019607843137253,0.5,0.49504950495049505,1,0.6931471824645996,2.4424196453765035e-05,2.4432738428004086e-05,0.0,0.0,0.0,0.9803921568627451,0.49019607843137253,0.5,0.49504950495049505
