super_epoch,variant_order,variant_epochs_cumulative,optimizer_steps_cumulative,batches_per_variant,updates_per_super_epoch,mean_train_loss,mean_val_loss,best_mean_val_loss,mean_val_macro_f1,cycle_seconds,train_loss_unchanged,val_loss_unchanged,val_macro_f1_unchanged,val_accuracy_unchanged,train_loss_exact_2,val_loss_exact_2,val_macro_f1_exact_2,val_accuracy_exact_2
1,"unchanged,exact_2",2,2,1,2,2.0637234449386597,2.0485458374023438,2.0485458374023438,0.22846139598312734,14.516898051137105,2.0765273571014404,2.0496504306793213,0.2233738141423774,0.5499685732243872,2.050919532775879,2.047441244125366,0.2335489778238773,0.5581395348837209
2,"unchanged,exact_2",4,4,1,2,2.0121692419052124,2.015517473220825,2.015517473220825,0.23580798731466623,14.088358582928777,2.0270979404449463,2.018264055252075,0.2318373169241892,0.5587680703959774,1.9972405433654785,2.012770891189575,0.23977865770514323,0.5656819610307983
3,"exact_2,unchanged",6,6,1,2,1.9550760984420776,1.9768558144569397,1.9768558144569397,0.23312728710629216,14.097459017997608,1.943217158317566,1.9816536903381348,0.23226111067934455,0.5619107479572596,1.9669350385665894,1.9720579385757446,0.23399346353323974,0.5656819610307983
4,"unchanged,exact_2",8,8,1,2,1.887372612953186,1.9324172139167786,1.9324172139167786,0.23464198003142084,14.09173320303671,1.9108723402023315,1.938700556755066,0.24107318432993943,0.5707102451288498,1.8638728857040405,1.9261338710784912,0.22821077573290224,0.5644248900062854
5,"exact_2,unchanged",10,10,1,2,1.8116480112075806,1.8799912333488464,1.8799912333488464,0.22972468079249408,14.096621885895729,1.7986652851104736,1.8880608081817627,0.2381286209308815,0.5725958516656191,1.8246307373046875,1.8719216585159302,0.22132074065410665,0.562539283469516
6,"unchanged,exact_2",12,12,1,2,1.7225960493087769,1.81874018907547,1.81874018907547,0.22744022274213782,14.091473564971238,1.7553727626800537,1.828014850616455,0.23397364685197505,0.573852922690132,1.6898193359375,1.8094655275344849,0.22090679863230062,0.562539283469516
7,"exact_2,unchanged",14,14,1,2,1.6219556331634521,1.7474241256713867,1.7474241256713867,0.22123020502721602,14.103394486010075,1.605405569076538,1.7579426765441895,0.223286977053988,0.5713387806411062,1.6385056972503662,1.736905574798584,0.219173433000444,0.5675675675675675
8,"unchanged,exact_2",16,16,1,2,1.5073206424713135,1.66693514585495,1.66693514585495,0.21909474320718392,14.082855290966108,1.5485540628433228,1.6779145002365112,0.21981904489033857,0.5719673161533627,1.4660872220993042,1.6559557914733887,0.21837044152402926,0.5700817096165933
9,"exact_2,unchanged",18,18,1,2,1.3824682235717773,1.579671859741211,1.579671859741211,0.21367568805687365,14.090841358993202,1.3615169525146484,1.5908327102661133,0.21347805649458593,0.5719673161533627,1.4034194946289062,1.5685110092163086,0.21387331961916134,0.5694531741043369
10,"unchanged,exact_2",20,20,1,2,1.2531992197036743,1.4912782311439514,1.4912782311439514,0.21475309730098485,14.084237736882642,1.2959784269332886,1.5016844272613525,0.21354494004052396,0.573852922690132,1.21042001247406,1.4808720350265503,0.21596125456144571,0.5732243871778756
11,"unchanged,exact_2",22,22,1,2,1.1280491352081299,1.4090843200683594,1.4090843200683594,0.21561816828043925,14.086311714025214,1.1668779850006104,1.4183331727981567,0.21390599235363725,0.5763670647391578,1.0892202854156494,1.399835467338562,0.21733034420724126,0.5769956002514142
12,"unchanged,exact_2",24,24,1,2,1.0160540640354156,1.3389108777046204,1.3389108777046204,0.2216542569833696,14.089150966145098,1.0489355325698853,1.347037434577942,0.220728457067716,0.585166561910748,0.983172595500946,1.3307843208312988,0.22258005689902324,0.5832809553739786
13,"unchanged,exact_2",26,26,1,2,0.9211156070232391,1.2817554473876953,1.2817554473876953,0.23012503325368674,14.086681311018765,0.948335587978363,1.2891452312469482,0.23262043263944912,0.5920804525455688,0.8938956260681152,1.2743656635284424,0.22762963386792437,0.5901948460087995
14,"exact_2,unchanged",28,28,1,2,0.8401181697845459,1.2344923615455627,1.2344923615455627,0.23943259240406467,14.108742231037468,0.8260592818260193,1.2417333126068115,0.23994271177971824,0.6002514142049026,0.8541770577430725,1.227251410484314,0.23892247302841113,0.6015084852294155
15,"unchanged,exact_2",30,30,1,2,0.7690979242324829,1.194391906261444,1.194391906261444,0.24835577198252362,14.077248651068658,0.7901713252067566,1.2012478113174438,0.2466805313645433,0.6090509113764928,0.7480245232582092,1.1875360012054443,0.250031012600504,0.6134506599622879
16,"exact_2,unchanged",32,32,1,2,0.704266369342804,1.160784900188446,1.160784900188446,0.2615059815294335,14.100291803013533,0.692460834980011,1.1671935319900513,0.26289293765613414,0.6197360150848523,0.7160719037055969,1.1543762683868408,0.2601190254027329,0.6222501571338781
17,"exact_2,unchanged",34,34,1,2,0.6463887691497803,1.1337173581123352,1.1337173581123352,0.2869167326254486,14.099444766063243,0.6356717944145203,1.1394284963607788,0.2896600033839552,0.6341923318667505,0.6571057438850403,1.1280062198638916,0.2841734618669419,0.6304211187932118
18,"unchanged,exact_2",36,36,1,2,0.5955871939659119,1.11227285861969,1.11227285861969,0.3093540730416692,14.094764682929963,0.6098020672798157,1.1172345876693726,0.3075963291965199,0.6411062225015713,0.5813723206520081,1.1073111295700073,0.3111118168868185,0.6398491514770585
19,"exact_2,unchanged",38,38,1,2,0.5499750077724457,1.094663679599762,1.094663679599762,0.32032537415664875,14.085984657984227,0.541114091873169,1.0993061065673828,0.31998115457490856,0.6404776869893148,0.5588359236717224,1.0900212526321411,0.3206695937383889,0.6423632935260842
20,"exact_2,unchanged",40,40,1,2,0.5089661180973053,1.0799914002418518,1.0799914002418518,0.3321637685676928,14.088526874082163,0.501223623752594,1.0846155881881714,0.3290567672247549,0.64487743557511,0.5167086124420166,1.0753672122955322,0.3352707699106307,0.650534255185418
21,"exact_2,unchanged",42,42,1,2,0.47163407504558563,1.0677887201309204,1.0677887201309204,0.3554721429782457,14.091913094976917,0.4650934636592865,1.0726131200790405,0.3533609699722794,0.6511627906976745,0.47817468643188477,1.0629643201828003,0.35758331598421206,0.6511627906976745
22,"unchanged,exact_2",44,44,1,2,0.43741434812545776,1.0578120350837708,1.0578120350837708,0.3706699811663007,14.09827199112624,0.4482497572898865,1.0628423690795898,0.3709280229855267,0.6536769327467001,0.42657893896102905,1.0527817010879517,0.37041193934707467,0.6517913262099309
23,"exact_2,unchanged",46,46,1,2,0.4063505679368973,1.049206256866455,1.049206256866455,0.3777952308578768,14.08405597298406,0.4018932282924652,1.0545504093170166,0.37733161212712735,0.6530483972344437,0.41080790758132935,1.0438621044158936,0.3782588495886262,0.6517913262099309
24,"unchanged,exact_2",48,48,1,2,0.37728650867938995,1.0416415929794312,1.0416415929794312,0.3839715649181345,14.093077608151361,0.3875771164894104,1.047151803970337,0.3826738682363646,0.6561910747957259,0.3669959008693695,1.0361313819885254,0.3852692615999044,0.6561910747957259
25,"unchanged,exact_2",50,50,1,2,0.35024435818195343,1.034537136554718,1.034537136554718,0.3919958892337171,14.088041109032929,0.360241562128067,1.040137529373169,0.3914992740647823,0.6587052168447517,0.34024715423583984,1.028936743736267,0.3924925044026519,0.6580766813324953
26,"unchanged,exact_2",52,52,1,2,0.32487456500530243,1.027748465538025,1.027748465538025,0.4268886423057161,14.1021882398054,0.33451637625694275,1.0333354473114014,0.42731330805680523,0.6675047140163419,0.3152327537536621,1.0221614837646484,0.4264639765546269,0.6637335009428033
27,"unchanged,exact_2",54,54,1,2,0.30106525123119354,1.0212194919586182,1.0212194919586182,0.4997374053157664,14.092858924996108,0.3102763295173645,1.0266742706298828,0.4993845598812817,0.6876178504085481,0.2918541729450226,1.0157647132873535,0.500090250750251,0.6851037083595223
28,"unchanged,exact_2",56,56,1,2,0.2787216305732727,1.014898657798767,1.014898657798767,0.5099557294682623,14.083536836085841,0.2874254584312439,1.0201388597488403,0.5093699650008879,0.6895034569453174,0.2700178027153015,1.0096584558486938,0.5105414939356366,0.688874921433061
29,"exact_2,unchanged",58,58,1,2,0.25779058039188385,1.0089186429977417,1.0089186429977417,0.5179211477121343,14.100700699025765,0.25590023398399353,1.0139641761779785,0.5161171955675685,0.6876178504085481,0.25968092679977417,1.0038731098175049,0.5197250998567,0.6926461345065996
30,"exact_2,unchanged",60,60,1,2,0.2385808750987053,1.0033325552940369,1.0033325552940369,0.5194939503084949,14.08478699810803,0.23691995441913605,1.0081636905670166,0.5173694987447187,0.6882463859208046,0.24024179577827454,0.9985014200210571,0.521618401872271,0.6913890634820867
31,"exact_2,unchanged",62,62,1,2,0.22109739482402802,0.9980433285236359,0.9980433285236359,0.5300805383716307,14.086650829063728,0.2196732461452484,1.0026919841766357,0.5287751303204675,0.6907605279698303,0.22252154350280762,0.993394672870636,0.5313859464227938,0.6932746700188561
32,"unchanged,exact_2",64,64,1,2,0.20544082671403885,0.9928925633430481,0.9928925633430481,0.5302177713952021,14.086713014170527,0.21168753504753113,0.9973567128181458,0.5301174858073182,0.6932746700188561,0.19919411838054657,0.9884284138679504,0.5303180569830859,0.6926461345065996
33,"exact_2,unchanged",66,66,1,2,0.19128508120775223,0.9878116548061371,0.9878116548061371,0.5409043848789372,14.083549140021205,0.19033664464950562,0.9921869039535522,0.5424827107453722,0.6976744186046512,0.19223351776599884,0.9834364056587219,0.5393260590125023,0.6945317410433689
34,"unchanged,exact_2",68,68,1,2,0.178914412856102,0.9831223785877228,0.9831223785877228,0.5435235875395473,14.082098464947194,0.1840619295835495,0.9873688817024231,0.5429577920092824,0.6983029541169076,0.17376689612865448,0.9788758754730225,0.5440893830698122,0.6976744186046512
35,"unchanged,exact_2",70,70,1,2,0.1680484190583229,0.9789453148841858,0.9789453148841858,0.5428974684510658,14.081654730020091,0.17269164323806763,0.9830621480941772,0.5428623037901145,0.6983029541169076,0.16340519487857819,0.9748284816741943,0.5429326331120171,0.6970458830923947
36,"unchanged,exact_2",72,72,1,2,0.15860376507043839,0.9753007888793945,0.9753007888793945,0.551346485931185,14.086873233085498,0.16280364990234375,0.9792707562446594,0.5506181252867746,0.6989314896291641,0.15440388023853302,0.9713308215141296,0.5520748465755954,0.6989314896291641
37,"exact_2,unchanged",74,74,1,2,0.1503637358546257,0.9722016155719757,0.9722016155719757,0.5547398913467876,14.093942279927433,0.15037734806537628,0.9760456085205078,0.5525659979413527,0.6995600251414205,0.15035012364387512,0.9683576226234436,0.5569137847522223,0.6983029541169076
38,"exact_2,unchanged",76,76,1,2,0.14323333650827408,0.9694706201553345,0.9694706201553345,0.5745303103838042,14.091777313034981,0.1434210240840912,0.9731659889221191,0.5733883544400431,0.7071024512884978,0.14304564893245697,0.9657752513885498,0.5756722663275652,0.7064739157762414
39,"unchanged,exact_2",78,78,1,2,0.13704650104045868,0.9669672250747681,0.9669672250747681,0.5783041842393807,14.091894679935649,0.14025357365608215,0.9704817533493042,0.5774291794514091,0.7089880578252671,0.1338394284248352,0.9634526968002319,0.5791791890273522,0.7077309868007542
40,"unchanged,exact_2",80,80,1,2,0.1315493807196617,0.9646792411804199,0.9646792411804199,0.5785791269064191,14.08454789314419,0.1344800889492035,0.968061089515686,0.5797370255919742,0.7071024512884978,0.12861867249011993,0.9612973928451538,0.5774212282208641,0.7058453802639849
41,"exact_2,unchanged",82,82,1,2,0.12665463238954544,0.9627383351325989,0.9627383351325989,0.5780004452854443,14.085247242124751,0.1270962804555893,0.9660646915435791,0.579002500228075,0.7071024512884978,0.1262129843235016,0.9594119787216187,0.5769983903428135,0.7058453802639849
42,"unchanged,exact_2",84,84,1,2,0.1223355382680893,0.9610334634780884,0.9610334634780884,0.5831221776974053,14.48704613512382,0.12490624934434891,0.9642619490623474,0.5840888640081484,0.7071024512884978,0.11976482719182968,0.9578049778938293,0.5821554913866621,0.7058453802639849
43,"unchanged,exact_2",86,86,1,2,0.11842197552323341,0.9596770703792572,0.9596770703792572,0.5830389846015551,14.14335116208531,0.12083076685667038,0.9628108143806458,0.5807719045966973,0.7077309868007542,0.11601318418979645,0.9565433263778687,0.5853060646064131,0.7077309868007542
44,"exact_2,unchanged",88,88,1,2,0.1148562803864479,0.9587685167789459,0.9587685167789459,0.5793281751691418,14.091556501109153,0.11545173078775406,0.9618397355079651,0.5805113248528596,0.7071024512884978,0.11426082998514175,0.9556972980499268,0.578145025485424,0.7058453802639849
45,"unchanged,exact_2",90,90,1,2,0.11162548512220383,0.9580676257610321,0.9580676257610321,0.579687101418921,14.096443105954677,0.1138031929731369,0.9610311985015869,0.5805156096148466,0.7064739157762414,0.10944777727127075,0.9551040530204773,0.5788585932229954,0.7064739157762414
46,"unchanged,exact_2",92,92,1,2,0.10860230401158333,0.9575215578079224,0.9575215578079224,0.5778782708968262,14.092017896007746,0.11066592484712601,0.960394024848938,0.577662759077178,0.704588309239472,0.10653868317604065,0.9546490907669067,0.5780937827164744,0.7058453802639849
47,"unchanged,exact_2",94,94,1,2,0.10576272383332253,0.957034558057785,0.957034558057785,0.5795218185063911,14.087742472998798,0.10774227231740952,0.9598321914672852,0.5801576918226795,0.7064739157762414,0.10378317534923553,0.9542369246482849,0.5788859451901027,0.7064739157762414
48,"unchanged,exact_2",96,96,1,2,0.10306897386908531,0.9566124081611633,0.9566124081611633,0.5827560702630354,14.089080151868984,0.10498125106096268,0.9593369960784912,0.5801576918226795,0.7064739157762414,0.10115669667720795,0.9538878202438354,0.5853544487033915,0.7071024512884978
49,"unchanged,exact_2",98,98,1,2,0.10049116984009743,0.9562511146068573,0.9562511146068573,0.5869807937162312,14.080252727027982,0.1023453027009964,0.9588959217071533,0.5846123588604587,0.704588309239472,0.09863703697919846,0.9536063075065613,0.5893492285720038,0.7058453802639849
50,"exact_2,unchanged",100,100,1,2,0.09800137206912041,0.9560032486915588,0.9560032486915588,0.5859072982093905,14.078163858037442,0.09859596937894821,0.9585893750190735,0.5838768862945708,0.7039597737272156,0.0974067747592926,0.9534171223640442,0.5879377101242103,0.7052168447517285
51,"exact_2,unchanged",102,102,1,2,0.09560217335820198,0.955715149641037,0.955715149641037,0.5865427713087035,14.088255281094462,0.0961952805519104,0.9582247138023376,0.5847241551845023,0.704588309239472,0.09500906616449356,0.9532055854797363,0.5883613874329046,0.7052168447517285
52,"unchanged,exact_2",104,104,1,2,0.09329868108034134,0.9553084373474121,0.9553084373474121,0.5852937804659917,14.077568020205945,0.0950026661157608,0.9577117562294006,0.5835408503813831,0.7039597737272156,0.09159469604492188,0.9529051184654236,0.5870467105506003,0.704588309239472
53,"exact_2,unchanged",106,106,1,2,0.09103020280599594,0.9550819396972656,0.9550819396972656,0.5903698515173547,14.091978412121534,0.09156600385904312,0.9574353694915771,0.5879560207437399,0.7033312382149591,0.09049440175294876,0.9527285099029541,0.5927836822909694,0.7058453802639849
54,"unchanged,exact_2",108,108,1,2,0.08888135105371475,0.9549254477024078,0.9549254477024078,0.5899672034439236,14.078620224958286,0.09046374261379242,0.9572067260742188,0.5879560207437399,0.7033312382149591,0.08729895949363708,0.9526441693305969,0.5919783861441074,0.7058453802639849
55,"unchanged,exact_2",110,110,1,2,0.086790781468153,0.954931378364563,0.9549254477024078,0.5907879794632317,13.985737805021927,0.08830656856298447,0.9571549892425537,0.5884981764782993,0.7039597737272156,0.08527499437332153,0.9527077674865723,0.5930777824481641,0.7064739157762414
56,"unchanged,exact_2",112,112,1,2,0.08479422330856323,0.9550392329692841,0.9549254477024078,0.5906803478618851,13.99501680303365,0.0862509235739708,0.9572115540504456,0.588282913275606,0.7033312382149591,0.08333752304315567,0.9528669118881226,0.5930777824481641,0.7064739157762414
57,"exact_2,unchanged",114,114,1,2,0.08289831876754761,0.9552688598632812,0.9549254477024078,0.5915251638072268,13.990765606984496,0.08339609205722809,0.9574076533317566,0.5886938909368821,0.7039597737272156,0.08240054547786713,0.9531300663948059,0.5943564366775714,0.7083595223130107
58,"exact_2,unchanged",116,116,1,2,0.08111349493265152,0.9554497301578522,0.9549254477024078,0.5900462624486855,13.990596906049177,0.08162359893321991,0.957534670829773,0.587503608350481,0.7020741671904462,0.08060339093208313,0.9533647894859314,0.5925889165468902,0.7064739157762414
59,"unchanged,exact_2",118,118,1,2,0.0794442892074585,0.9554755091667175,0.9549254477024078,0.5894079865866304,13.991563976975158,0.08075647056102753,0.957477867603302,0.5862270566263706,0.7014456316781899,0.07813210785388947,0.9534731507301331,0.5925889165468902,0.7064739157762414
60,"unchanged,exact_2",120,120,1,2,0.07784869149327278,0.9555315971374512,0.9549254477024078,0.5921726800839755,13.98276221100241,0.07908759266138077,0.9574829339981079,0.5919728118513294,0.7027027027027027,0.0766097903251648,0.9535802602767944,0.5923725483166216,0.7058453802639849
61,"exact_2,unchanged",122,122,1,2,0.0763368010520935,0.9558767378330231,0.9549254477024078,0.5901736549436954,13.990753438090906,0.07680654525756836,0.9578174352645874,0.5894798454442546,0.7014456316781899,0.07586705684661865,0.9539360404014587,0.5908674644431363,0.704588309239472
62,"exact_2,unchanged",124,124,1,2,0.07491579279303551,0.9563508033752441,0.9549254477024078,0.5903399213518192,13.990975420922041,0.07539825886487961,0.9582605361938477,0.5901900058269148,0.7020741671904462,0.0744333267211914,0.9544410705566406,0.5904898368767236,0.7039597737272156
63,"exact_2,unchanged",126,126,1,2,0.07356401160359383,0.9567632079124451,0.9549254477024078,0.5924439832430317,13.98744833888486,0.07404434680938721,0.958623468875885,0.5931841056982995,0.7033312382149591,0.07308367639780045,0.9549029469490051,0.5917038607877638,0.7039597737272156
64,"exact_2,unchanged",128,128,1,2,0.07228676229715347,0.9570437073707581,0.9549254477024078,0.591417989705505,13.988107749028131,0.0727572813630104,0.9588598012924194,0.5918922149963998,0.7020741671904462,0.07181624323129654,0.9552276134490967,0.59094376441461,0.7033312382149591
65,"unchanged,exact_2",130,130,1,2,0.0710890106856823,0.9572140872478485,0.9549254477024078,0.5904810873467417,13.992356703151017,0.07212869077920914,0.958981454372406,0.5920371010697064,0.7008170961659334,0.07004933059215546,0.955446720123291,0.5889250736237769,0.7014456316781899
66,"exact_2,unchanged",132,132,1,2,0.0699080042541027,0.9576453566551208,0.9549254477024078,0.5903896986926339,13.986562137957662,0.07033958286046982,0.9594102501869202,0.5918543237614909,0.7014456316781899,0.0694764256477356,0.9558804631233215,0.5889250736237769,0.7014456316781899
67,"exact_2,unchanged",134,134,1,2,0.06878748163580894,0.9582196772098541,0.9549254477024078,0.5901834735939647,13.991862345021218,0.06922326982021332,0.9599673748016357,0.5918543237614909,0.7014456316781899,0.06835169345140457,0.9564719796180725,0.5885126234264385,0.7008170961659334
68,"unchanged,exact_2",136,136,1,2,0.06771502271294594,0.9586860239505768,0.9549254477024078,0.5914792474918429,13.98718120297417,0.06866523623466492,0.9603774547576904,0.5933237961723934,0.7020741671904462,0.06676480919122696,0.9569945931434631,0.5896346988112923,0.7014456316781899
69,"exact_2,unchanged",138,138,1,2,0.0666615180671215,0.9592616558074951,0.9549254477024078,0.5923047373372949,13.986719463951886,0.06706614792346954,0.9609343409538269,0.5938178758570797,0.7027027027027027,0.06625688821077347,0.9575889706611633,0.5907915988175103,0.7020741671904462
70,"unchanged,exact_2",140,140,1,2,0.06566397473216057,0.9596757292747498,0.9549254477024078,0.5920370521095447,13.992165829986334,0.06655161827802658,0.9613132476806641,0.5947890698023421,0.7027027027027027,0.06477633118629456,0.9580382108688354,0.5892850344167473,0.7008170961659334
71,"unchanged,exact_2",142,142,1,2,0.06467952579259872,0.9601143002510071,0.9549254477024078,0.5921780426336605,13.990591304842383,0.06553421914577484,0.9617328643798828,0.5953327127692446,0.7033312382149591,0.06382483243942261,0.9584957361221313,0.5890233724980762,0.700188560653677
72,"unchanged,exact_2",144,144,1,2,0.06372598186135292,0.9606830477714539,0.9549254477024078,0.5929481150924762,13.99282956495881,0.06455697864294052,0.9622876644134521,0.5952498992954298,0.7033312382149591,0.06289498507976532,0.9590784311294556,0.5906463308895227,0.7014456316781899
73,"exact_2,unchanged",146,146,1,2,0.06280839070677757,0.9614337086677551,0.9549254477024078,0.5929481150924762,13.987683720188215,0.06317989528179169,0.9630364775657654,0.5952498992954298,0.7033312382149591,0.06243688613176346,0.9598309397697449,0.5906463308895227,0.7014456316781899
74,"unchanged,exact_2",148,148,1,2,0.06192605756223202,0.9618565738201141,0.9549254477024078,0.5925043328283486,13.990783117013052,0.06272898614406586,0.9634166359901428,0.5945759146027021,0.7020741671904462,0.06112312898039818,0.9602965116500854,0.5904327510539952,0.7008170961659334
75,"unchanged,exact_2",150,150,1,2,0.06106422282755375,0.962252289056778,0.9549254477024078,0.5923564742107214,13.991701357997954,0.06183302775025368,0.963782012462616,0.5942801973674475,0.7014456316781899,0.06029541790485382,0.9607225656509399,0.5904327510539952,0.7008170961659334
76,"exact_2,unchanged",152,152,1,2,0.06023005023598671,0.9628622829914093,0.9549254477024078,0.5916759634609008,13.98652406106703,0.06057636812329292,0.9643945097923279,0.5933308637850547,0.7008170961659334,0.059883732348680496,0.9613300561904907,0.5900210631367467,0.700188560653677
77,"exact_2,unchanged",154,154,1,2,0.05942549556493759,0.9634644687175751,0.9549254477024078,0.5914696073572212,13.989937571110204,0.059778500348329544,0.9649847745895386,0.5933308637850547,0.7008170961659334,0.05907249078154564,0.9619441628456116,0.5896083509293877,0.6995600251414205
78,"exact_2,unchanged",156,156,1,2,0.058645833283662796,0.9639340341091156,0.9549254477024078,0.5916759634609008,13.994470893172547,0.058995321393013,0.9654300212860107,0.5933308637850547,0.7008170961659334,0.05829634517431259,0.9624380469322205,0.5900210631367467,0.700188560653677
79,"unchanged,exact_2",158,158,1,2,0.057905288413167,0.9642654955387115,0.9549254477024078,0.5914048771701825,13.998025256907567,0.05860468000173569,0.9657247066497803,0.5927886912036184,0.700188560653677,0.05720589682459831,0.9628062844276428,0.5900210631367467,0.700188560653677
80,"unchanged,exact_2",160,160,1,2,0.05716901831328869,0.9647984206676483,0.9549254477024078,0.5931403308958736,13.993963276036084,0.05783770978450775,0.9662494659423828,0.5939896114800618,0.7014456316781899,0.056500326842069626,0.9633473753929138,0.5922910503116855,0.7008170961659334
81,"exact_2,unchanged",162,162,1,2,0.05645326152443886,0.9655931293964386,0.9549254477024078,0.593411754662474,13.99261640990153,0.056764014065265656,0.9670642018318176,0.5939896114800618,0.7014456316781899,0.05614250898361206,0.9641220569610596,0.5928338978448863,0.7014456316781899
82,"exact_2,unchanged",164,164,1,2,0.05576122738420963,0.9662126898765564,0.9549254477024078,0.5938888310463992,14.000205958960578,0.05608222261071205,0.9676719903945923,0.5954866117811131,0.7020741671904462,0.055440232157707214,0.9647533893585205,0.5922910503116855,0.7008170961659334
83,"unchanged,exact_2",166,166,1,2,0.05509677529335022,0.9665491282939911,0.9549254477024078,0.5932781227560835,13.98179841088131,0.05573552846908569,0.9679597020149231,0.5938535237624595,0.700188560653677,0.054458022117614746,0.9651385545730591,0.5927027217497075,0.7014456316781899
84,"unchanged,exact_2",168,168,1,2,0.05444621108472347,0.9670892953872681,0.9549254477024078,0.5930243128670075,14.022765300003812,0.055053237825632095,0.9684817790985107,0.5925951123812769,0.7008170961659334,0.05383918434381485,0.9656968116760254,0.5934535133527381,0.7020741671904462
