super_epoch,variant_order,variant_epochs_cumulative,optimizer_steps_cumulative,batches_per_variant,train_graph_forwards_cumulative,validation_graph_forwards_cumulative,mean_train_loss,mean_val_loss,best_mean_val_loss,cycle_seconds,train_loss_v1,val_loss_v1,train_loss_v3,val_loss_v3
1,"v3,v1",2,2,1,2,2,1.3862946033477783,0.6931471824645996,0.6931471824645996,0.12048680591396987,1.3862946033477783,0.6931471824645996,1.3862946033477783,0.6931471824645996
2,"v3,v1",4,4,1,4,4,1.3862946033477783,0.6931471824645996,0.6931471824645996,0.0899187580216676,1.3862946033477783,0.6931471824645996,1.3862946033477783,0.6931471824645996
3,"v1,v3",6,6,1,6,6,1.3862946033477783,0.6931471824645996,0.6931471824645996,0.08485219511203468,1.3862946033477783,0.6931471824645996,1.3862946033477783,0.6931471824645996
4,"v3,v1",8,8,1,8,8,1.3862946033477783,0.6931471824645996,0.6931471824645996,0.08383149793371558,1.3862946033477783,0.6931471824645996,1.3862946033477783,0.6931471824645996
5,"v1,v3",10,10,1,10,10,1.3862946033477783,0.6931471824645996,0.6931471824645996,0.08711413713172078,1.3862946033477783,0.6931471824645996,1.3862946033477783,0.6931471824645996
6,"v1,v3",12,12,1,12,12,1.3862946033477783,0.6931471824645996,0.6931471824645996,0.09974217810668051,1.3862946033477783,0.6931471824645996,1.3862946033477783,0.6931471824645996
7,"v3,v1",14,14,1,14,14,1.3862946033477783,0.6931471824645996,0.6931471824645996,0.0908586080186069,1.3862946033477783,0.6931471824645996,1.3862946033477783,0.6931471824645996
8,"v3,v1",16,16,1,16,16,1.3862946033477783,0.6931471824645996,0.6931471824645996,0.08305904711596668,1.3862946033477783,0.6931471824645996,1.3862946033477783,0.6931471824645996
9,"v3,v1",18,18,1,18,18,1.3862946033477783,0.6931471824645996,0.6931471824645996,0.09680004604160786,1.3862946033477783,0.6931471824645996,1.3862946033477783,0.6931471824645996
10,"v3,v1",20,20,1,20,20,1.3862946033477783,0.6931471824645996,0.6931471824645996,0.08513465221039951,1.3862946033477783,0.6931471824645996,1.3862946033477783,0.6931471824645996
11,"v3,v1",22,22,1,22,22,1.3862946033477783,0.6931471824645996,0.6931471824645996,0.08352372399531305,1.3862946033477783,0.6931471824645996,1.3862946033477783,0.6931471824645996
12,"v1,v3",24,24,1,24,24,1.3862946033477783,0.6931471824645996,0.6931471824645996,0.08642086014151573,1.3862946033477783,0.6931471824645996,1.3862946033477783,0.6931471824645996
13,"v3,v1",26,26,1,26,26,1.3862946033477783,0.6931471824645996,0.6931471824645996,0.08835419197566807,1.3862946033477783,0.6931471824645996,1.3862946033477783,0.6931471824645996
14,"v1,v3",28,28,1,28,28,1.3862946033477783,0.6931471824645996,0.6931471824645996,0.09334234800189734,1.3862946033477783,0.6931471824645996,1.3862946033477783,0.6931471824645996
15,"v1,v3",30,30,1,30,30,1.3862946033477783,0.6931471824645996,0.6931471824645996,0.08915134007111192,1.3862946033477783,0.6931471824645996,1.3862946033477783,0.6931471824645996
16,"v3,v1",32,32,1,32,32,1.3862946033477783,0.6931471824645996,0.6931471824645996,0.08298096293583512,1.3862946033477783,0.6931471824645996,1.3862946033477783,0.6931471824645996
17,"v3,v1",34,34,1,34,34,1.3862946033477783,0.6931471824645996,0.6931471824645996,0.08501148014329374,1.3862946033477783,0.6931471824645996,1.3862946033477783,0.6931471824645996
18,"v1,v3",36,36,1,36,36,1.3862946033477783,0.6931471824645996,0.6931471824645996,0.0842707681003958,1.3862946033477783,0.6931471824645996,1.3862946033477783,0.6931471824645996
19,"v1,v3",38,38,1,38,38,1.3862946033477783,0.6931471824645996,0.6931471824645996,0.0978026648517698,1.3862946033477783,0.6931471824645996,1.3862946033477783,0.6931471824645996
20,"v3,v1",40,40,1,40,40,1.3862946033477783,0.6931471824645996,0.6931471824645996,0.08756853896193206,1.3862946033477783,0.6931471824645996,1.3862946033477783,0.6931471824645996
21,"v1,v3",42,42,1,42,42,1.3862946033477783,0.6931471824645996,0.6931471824645996,0.08292445098049939,1.3862946033477783,0.6931471824645996,1.3862946033477783,0.6931471824645996
22,"v3,v1",44,44,1,44,44,1.3862946033477783,0.6931471824645996,0.6931471824645996,0.09327243594452739,1.3862946033477783,0.6931471824645996,1.3862946033477783,0.6931471824645996
23,"v3,v1",46,46,1,46,46,1.3862946033477783,0.6931471824645996,0.6931471824645996,0.08445122791454196,1.3862946033477783,0.6931471824645996,1.3862946033477783,0.6931471824645996
24,"v3,v1",48,48,1,48,48,1.3862946033477783,0.6931471824645996,0.6931471824645996,0.08352017286233604,1.3862946033477783,0.6931471824645996,1.3862946033477783,0.6931471824645996
25,"v1,v3",50,50,1,50,50,1.3862946033477783,0.6931471824645996,0.6931471824645996,0.08545989985577762,1.3862946033477783,0.6931471824645996,1.3862946033477783,0.6931471824645996
26,"v1,v3",52,52,1,52,52,1.3862946033477783,0.6931471824645996,0.6931471824645996,0.09040750889107585,1.3862946033477783,0.6931471824645996,1.3862946033477783,0.6931471824645996
27,"v1,v3",54,54,1,54,54,1.3862946033477783,0.6931471824645996,0.6931471824645996,0.08884827885776758,1.3862946033477783,0.6931471824645996,1.3862946033477783,0.6931471824645996
28,"v3,v1",56,56,1,56,56,1.3862946033477783,0.6931471824645996,0.6931471824645996,0.08319988311268389,1.3862946033477783,0.6931471824645996,1.3862946033477783,0.6931471824645996
29,"v1,v3",58,58,1,58,58,1.3862946033477783,0.6931471824645996,0.6931471824645996,0.08555724192410707,1.3862946033477783,0.6931471824645996,1.3862946033477783,0.6931471824645996
30,"v1,v3",60,60,1,60,60,1.3862946033477783,0.6931471824645996,0.6931471824645996,0.08358627883717418,1.3862946033477783,0.6931471824645996,1.3862946033477783,0.6931471824645996
31,"v3,v1",62,62,1,62,62,1.3862946033477783,0.6931471824645996,0.6931471824645996,0.08323315111920238,1.3862946033477783,0.6931471824645996,1.3862946033477783,0.6931471824645996
32,"v1,v3",64,64,1,64,64,1.3862946033477783,0.6931471824645996,0.6931471824645996,0.09173848107457161,1.3862946033477783,0.6931471824645996,1.3862946033477783,0.6931471824645996
33,"v3,v1",66,66,1,66,66,1.3862946033477783,0.6931471824645996,0.6931471824645996,0.0914116408675909,1.3862946033477783,0.6931471824645996,1.3862946033477783,0.6931471824645996
34,"v3,v1",68,68,1,68,68,1.3862946033477783,0.6931471824645996,0.6931471824645996,0.09055830398574471,1.3862946033477783,0.6931471824645996,1.3862946033477783,0.6931471824645996
35,"v3,v1",70,70,1,70,70,1.3862946033477783,0.6931471824645996,0.6931471824645996,0.0905331689864397,1.3862946033477783,0.6931471824645996,1.3862946033477783,0.6931471824645996
36,"v3,v1",72,72,1,72,72,1.3862946033477783,0.6931471824645996,0.6931471824645996,0.08288949285633862,1.3862946033477783,0.6931471824645996,1.3862946033477783,0.6931471824645996
37,"v3,v1",74,74,1,74,74,1.3862946033477783,0.6931471824645996,0.6931471824645996,0.08462826814502478,1.3862946033477783,0.6931471824645996,1.3862946033477783,0.6931471824645996
38,"v1,v3",76,76,1,76,76,1.3862946033477783,0.6931471824645996,0.6931471824645996,0.08629930601455271,1.3862946033477783,0.6931471824645996,1.3862946033477783,0.6931471824645996
39,"v1,v3",78,78,1,78,78,1.3862946033477783,0.6931471824645996,0.6931471824645996,0.08740050601772964,1.3862946033477783,0.6931471824645996,1.3862946033477783,0.6931471824645996
40,"v3,v1",80,80,1,80,80,1.3862946033477783,0.6931471824645996,0.6931471824645996,0.08399958699010313,1.3862946033477783,0.6931471824645996,1.3862946033477783,0.6931471824645996
41,"v1,v3",82,82,1,82,82,1.3862946033477783,0.6931471824645996,0.6931471824645996,0.0829405530821532,1.3862946033477783,0.6931471824645996,1.3862946033477783,0.6931471824645996
